service_id,status,name,monday_open_hours,tuesday_open_hours,wednesday_open_hours,thursday_open_hours,friday_open_hours,address,city,state,postcode,latitude,longitude,saturday_open_hours,parent_org,sunday_open_hours,phone,website,google_rating,google_maps_url,appointment_note
41f67eec-bbac-57e2-f0f3-99d7ed0c0ee8,CLOSED,Breakthrough Psychology,09:00:00 - 17:00:00,09:00:00 - 17:00:00,09:00:00 - 17:00:00,09:00:00 - 17:00:00,09:00:00 - 17:00:00,"Level 2,710 Collins Street",Docklands,VIC,3008,-37.81991959,144.95054626,08:00 - 12:00,,,(03) 9088 3228,http://www.docklandshealth.com.au/psychology,5,https://maps.google.com/?cid=14804158802390644868,Call or visit website to book
a62531a5-73ed-e9a7-ccc2-aa13f12368aa,CLOSED,Positive Solutions Psychological Services,09:00:00 - 19:00:00,09:00:00 - 19:00:00,09:00:00 - 19:00:00,09:00:00 - 19:00:00,09:00:00 - 19:00:00,"Level 31,120 Collins Street",Melbourne,VIC,3000,-37.8166275,144.96382141,,,,(03) 9225 5150,http://www.positiveso.com.au/,5,https://maps.google.com/?cid=9459876351373281493,Call or visit website to book
04a8dd25-dc4e-deac-7b81-2080087d95d2,CLOSED,PsyAx - Neuropsychologists,08:30:00 - 17:30:00,08:30:00 - 17:30:00,08:30:00 - 17:30:00,08:30:00 - 17:30:00,08:30:00 - 17:30:00,"Level 27,101 Collins Street",Melbourne,VIC,3000,-37.81521988,144.97091675,08:30 - 12:30,,,1300 455 677,https://www.psyax.com.au/,3.7,https://maps.google.com/?cid=1340629325068357368,Call or visit website to book
681f93c0-8ab0-4a69-1b1b-3cd95ceffb91,CLOSED,Victorian Counselling & Psychological Services - QV,08:00:00 - 19:45:00,08:00:00 - 19:45:00,08:00:00 - 19:45:00,08:00:00 - 19:45:00,08:00:00 - 18:00:00,62 WELLINGTON PARADE,East Melbourne,VIC,3002,-37.81638611,144.9882528,09:00:00 - 15:00:00,THE TRUSTEE FOR THE VCPS TRUST,,(03) 9419 7172,http://www.vcps.com.au/,4.1,https://maps.google.com/?cid=17715019604409463054,Call or visit website to book
288cc080-ee99-c325-3690-9a836878a0d8,CLOSED,Victorian Counselling & Psychological Services - East Melbourne,08:00:00 - 19:00:00,08:00:00 - 19:00:00,08:00:00 - 19:00:00,08:00:00 - 19:00:00,08:00:00 - 19:00:00,"Eastbourne House,62 Wellington Parade",East Melbourne,VIC,3002,-37.81641769,144.98822021,09:00 - 15:00,THE TRUSTEE FOR THE VCPS TRUST,,(03) 9419 7172,http://www.vcps.com.au/,4.1,https://maps.google.com/?cid=17715019604409463054,Call or visit website to book
5b08ca32-1c16-4d60-a61f-492a6b0ea10f,CLOSED,Cova Psychology,09:00:00 - 20:00:00,09:00:00 - 20:00:00,09:00:00 - 20:00:00,09:00:00 - 20:00:00,09:00:00 - 20:00:00,"Suite 19 Level 1,12 COLLINS STREET",Melbourne,VIC,3000,-37.81316771,144.9730892,09:00 - 17:00,,,(03) 9654 3557,https://covapsychology.com/,4.8,https://maps.google.com/?cid=7312359987872657520,Call or visit website to book
0b5b4c51-4275-2b03-a139-7dc046fc0e5a,CLOSED,Carfi Psychological and Rehabilitation Services,08:30:00 - 17:00:00,08:30:00 - 17:00:00,08:30:00 - 17:00:00,08:30:00 - 17:00:00,08:30:00 - 17:00:00,"The Clocktower Centre,Level 2 Suite 58,255 Drummond Street",Carlton,VIC,3053,-37.79985428,144.96792603,,,,(03) 9112 4299,https://www.carfi.net.au/,2.9,https://maps.google.com/?cid=11549445103449135009,Call or visit website to book
f48fffea-1e28-199f-1e63-6de3c5cb055b,CLOSED,Shine Psychology,09:00:00 - 17:00:00,09:00:00 - 16:00:00,07:00 - 17:00,09:00:00 - 17:00:00,09:00:00 - 17:00:00,"Tiara Tower ,Level 2,2706/50 Haig Street",Southbank,VIC,3006,-37.826838,144.956838,09:00 - 18:00,,,1300 754 397,https://www.shinepsychology.com.au/,,https://maps.google.com/?cid=12758717868513418394,Call or visit website to book
302556f0-4baa-5739-84b1-7f11059b99f5,CLOSED,Jeffrey Cummins - Psychologist,09:00:00 - 17:00:00,09:00:00 - 17:00:00,09:00:00 - 17:00:00,09:00:00 - 17:00:00,09:00:00 - 17:00:00,"Level 1,550 Lonsdale Street",Melbourne,VIC,3000,-37.81320572,144.95581055,,,,(03) 9670 1560,,5,https://maps.google.com/?cid=480117734287173485,
9645229f-13c0-8f69-7e11-24fed027718a,UNKNOWN,Inner Melbourne Clinical Psychology - Kensington,08:00 - 20:00,08:00 - 20:00,08:00 - 20:00,08:00 - 20:00,08:00 - 20:00,29 Lambeth Street,Kensington,VIC,3031,-37.789864,144.934482,08:00 - 15:00,"BAULCH, JACQUELINE LEE",,(03) 9376 1958,https://www.innermelbpsychology.com.au/,4.7,https://maps.google.com/?cid=3250877962191881087,Call or visit website to book
0370522b-e2f5-0dba-3ce2-d684a860a7b7,CLOSED,Mindview Psychology,10:00:00 - 15:00:00,10:00:00 - 15:00:00,10:00:00 - 15:00:00,10:00:00 - 21:00:00,10:00:00 - 15:00:00,"Level 4, Suite 48,12 Collins Street",Melbourne,VIC,3000,-37.81319361,144.97314402,08:00:00 - 14:00:00,,,(03) 9052 4365,http://www.mindviewpsychology.com.au/,3.6,https://maps.google.com/?cid=14378120477346217607,Call or visit website to book
92e1376a-7b64-1002-fda8-570ab634ea1b,CLOSED,Reflective Counselling & Psychology,09:00:00 - 20:00:00,09:00:00 - 20:00:00,09:00:00 - 20:00:00,09:00:00 - 20:00:00,09:00:00 - 20:00:00,"The Melbourne Counselling & Psychology Centre,Level 3,178 Collins Street",Melbourne,VIC,3000,-37.81495285,144.96760559,08:00:00 - 14:00:00,,,(03) 9809 4888,https://www.reflectionpsychology.com.au/contact/camberwell,4.6,https://maps.google.com/?cid=17756951707804174438,Call or visit website to book
13c0b8d6-0137-dbec-71f0-d82815de4d05,CLOSED,Central Melbourne Psychology,09:00:00 - 17:00:00,09:00:00 - 17:00:00,09:00:00 - 17:00:00,09:00:00 - 17:00:00,09:00:00 - 17:00:00,"Level 40,140 William Street",Melbourne,VIC,3000,-37.81595612,144.95874023,,,,(03) 9607 8577,,5,https://maps.google.com/?cid=13083781540577979112,
9624254f-a7cb-bf48-fbc2-edd38a96d244,CLOSED,Shaw Psychology - Melbourne CBD,10:30:00 - 20:00:00,09:00:00 - 20:00:00,09:00:00 - 17:00:00,09:00 - 19:00,09:00 - 18:30,"Suite 502,365 Little Collins Street",Melbourne,VIC,3000,-37.81574684,144.96278695,09:00:00 - 12:30:00,"SHAW, DANIEL",,(03) 9969 2190,http://www.shawpsychology.com/,4.7,https://maps.google.com/?cid=15029983258591038041,Call or visit website to book
25f480c7-3c64-b115-3e91-be67d10a66b3,CLOSED,Dr Matthew Hughes - Clinical Neuropsychology - CBD,09:00:00 - 17:00:00,09:00:00 - 17:00:00,09:00:00 - 17:00:00,09:00:00 - 17:00:00,09:00:00 - 17:00:00,"Level 10,440 Collins Street",Melbourne,VIC,3000,-37.81702805,144.95977783,,,,(03) 9500 8366,http://neurologynetwork.com.au/,4.1,https://maps.google.com/?cid=1919062667912574996,Call or visit website to book
13771165-a068-7871-98e3-c06ffde72838,CLOSED,People Psychology - Melbourne,08:00:00 - 21:00:00,08:00:00 - 21:00:00,08:00:00 - 21:00:00,08:00:00 - 21:00:00,08:00:00 - 21:00:00,"Level 32,367 COLLINS STREET",Melbourne,VIC,3000,-37.81728274,144.96243751,09:00:00 - 18:00:00,PEOPLE PSYCHOLOGY PTY LTD,,(03) 9133 0996,https://peoplepsychology.com.au/,3.9,https://maps.google.com/?cid=14543751714457097958,Call or visit website to book
eed9a4f3-2897-7799-4588-df5c1e7c01af,CLOSED,Counselling in Melbourne,10:00:00 - 20:00:00,10:00:00 - 20:00:00,10:00:00 - 20:00:00,10:00:00 - 20:00:00,11:00 - 16:00,"Exchange Tower,Floor 9 Suite 903,530 Little Collins Street",Melbourne,VIC,3000,-37.81687546,144.95709229,11:00 - 16:00,,,0467 477 786,https://www.themelbournecounsellor.com.au/,5,https://maps.google.com/?cid=8646383948742773639,Call or visit website to book
75e2995d-e20b-d726-eb68-1007e44a5830,CLOSED,The Three Seas Psychology Group Melbourne,08:00:00 - 20:00:00,08:00:00 - 20:00:00,08:00:00 - 20:00:00,08:00:00 - 20:00:00,08:00:00 - 17:00:00,"Level 11,118 Queen Street",Melbourne,VIC,3000,-37.81565094,144.96130371,08:30:00 - 16:30:00,Salus Pty Ltd,,(03) 9809 1000,https://thethreeseas.com.au/,3.7,https://maps.google.com/?cid=15738097253267732824,Call or visit website to book
ef0b865c-89aa-9a7c-1f0e-7ac4d4521d22,CLOSED,Psylegal Psychology - Melbourne,09:00:00 - 19:00:00,09:00:00 - 19:00:00,09:00:00 - 19:00:00,09:00:00 - 19:00:00,09:00:00 - 17:00:00,"Level 2,488 Bourke Street",Melbourne,VIC,3000,-37.81501007,144.95921326,,,,1300 792 209,https://psylegal.com.au/?utm_source=GMB+&utm_medium=GMB&utm_campaign=GMB+Tracking,5,https://maps.google.com/?cid=7124200364913612424,Call or visit website to book
85bfaf4a-b408-a5e5-3131-1162c70a33cc,CLOSED,MVS Psychology Group - Melbourne,08:00:00 - 20:00:00,08:00:00 - 20:00:00,08:00:00 - 20:00:00,08:00:00 - 20:00:00,08:00:00 - 20:00:00,"Level 7 Suite 1,350 COLLINS STREET",Melbourne,VIC,3000,-37.81601818,144.96268924,08:00 - 21:00,,08:00 - 21:00,(03) 7036 8795,https://www.mvspsychology.com.au/,4.9,https://maps.google.com/?cid=18370846645967278231,Call or visit website to book
b3b124a8-9998-e3d7-65eb-f92c4f07399d,CLOSED,The Salvation Army - Melbourne Counselling Service,09:00:00 - 17:00:00,09:00:00 - 17:00:00,09:00:00 - 17:00:00,09:00:00 - 18:00:00,09:00:00 - 16:00:00,"Level 2,69 Bourke Street",Melbourne,VIC,3000,-37.81250763,144.97163391,,The Trustee for THE SALVATION ARMY VICTORIA PROPERTY TRUST,,,https://salvationarmy.org.au/melbourne614,4.4,https://maps.google.com/?cid=1127460086942192127,Call or visit website to book
3d535121-10c6-5502-c739-2d530de96cff,UNKNOWN,Optimise Psychology,,,,,,"Level 9,85 Queen Street",Melbourne,VIC,3000,-37.8164978,144.96101379,,,,0419 250 181,http://www.optimisepsychology.com.au/services/,5,https://maps.google.com/?cid=10953685305219118852,Call or visit website to book
5c38349e-57e1-b4f9-81b2-efc990bbe936,CLOSED,Dr Annie Cantwell-Bartl - Psychologist,08:00:00 - 20:30:00,08:00:00 - 20:30:00,08:00:00 - 20:30:00,08:00:00 - 20:30:00,08:00:00 - 20:30:00,24 Market Street,Kensington,VIC,3031,-37.78949356,144.92709351,,,,0419 875 570,https://www.anniecb.com/,5,https://maps.google.com/?cid=9886101506863482735,Call or visit website to book
72d31f81-3256-17de-110b-f9cbfed946de,CLOSED,Simon Parker Psychologist,09:00:00 - 17:00:00,09:00:00 - 17:00:00,09:00:00 - 17:00:00,09:00:00 - 17:00:00,,88 Rathdowne Street,Carlton,VIC,3053,-37.79790115,144.97070312,,,,,,,https://maps.google.com/?cid=11244457905672574090,
4a8ba19b-24ff-8a1c-01f7-99865e806d15,CLOSED,Peter Tait Counselling,09:00:00 - 17:00:00,09:00:00 - 17:00:00,09:00:00 - 17:00:00,09:00:00 - 17:00:00,09:00:00 - 17:00:00,"Suite 914,530 Little Collins Street",Melbourne,VIC,3000,-37.81686783,144.95709229,,,,(03) 9909 7914,http://petertait.com.au/,,https://maps.google.com/?cid=10230461806283660361,Call or visit website to book
6d69d6d8-ab99-43dd-7dc0-b702421030a4,CLOSED,Connect My Mind - Psychology,06:00:00 - 13:00:00,06:00:00 - 13:00:00,06:00:00 - 13:00:00,06:00:00 - 13:00:00,06:00:00 - 13:00:00,TeleHealth Provider - Online Access,Melbourne,VIC,3000,-37.8136276,144.9630576,06:00:00 - 13:00:00,,06:00:00 - 13:00:00,1300 146 386,https://connectmymind.online/,,https://maps.google.com/?cid=1742600828329924919,Online booking available — see website
3c65a428-8c80-41ad-7f66-c8cbfab1ee86,CLOSED,Connect My Mind - Counselling,06:00:00 - 13:00:00,06:00:00 - 13:00:00,06:00:00 - 13:00:00,06:00:00 - 13:00:00,06:00:00 - 13:00:00,TeleHealth Provider - Online Access,Melbourne,VIC,3000,-37.8177615,144.9553974,06:00:00 - 13:00:00,,06:00:00 - 13:00:00,1300 146 386,https://connectmymind.online/,,https://maps.google.com/?cid=1742600828329924919,Online booking available — see website
b5d91d65-65e7-c80c-db5e-7f4eac04704a,CLOSED,Al-Anon Family Groups - Victorian Southern Area,10:30:00 - 14:30:00,10:30:00 - 14:30:00,10:30:00 - 14:30:00,10:30:00 - 14:30:00,,"Level 7 Suite 2,43-51 Queen Street",Melbourne,VIC,3000,-37.81773758,144.96160889,,AL-ANON FAMILY GROUPS VICTORIAN SOUTHERN AREA INC,,1300 252 666,https://www.al-anon.org.au/,5,https://maps.google.com/?cid=11702106611459409819,Call or visit website to book
e557ca41-0d8e-dbe4-8f29-54a33d505b55,CLOSED,Core Psychology Services,08:00:00 - 17:00:00,08:00:00 - 17:00:00,08:00:00 - 17:00:00,08:00:00 - 17:00:00,08:00 - 15:00,"Collins Place,Suite 9,45 Collins Street",Melbourne,VIC,3000,-37.81406021,144.97232056,,,,(03) 9650 9090,,,https://maps.google.com/?cid=577131640278481970,
cb744887-6e50-6a05-3555-9cf5e1c56bd0,CLOSED,Melbourne Cognitive Psychology - La Trobe Street,08:00:00 - 20:00:00,08:00:00 - 20:00:00,08:00:00 - 20:00:00,08:00:00 - 20:00:00,08:00:00 - 20:00:00,"Level 2,222 La Trobe Street",Melbourne,VIC,3000,-37.80963135,144.96287537,10:00:00 - 17:00:00,"DIEDERICH, JOACHIM",,1300 798 598,,,https://maps.google.com/?cid=18393522208725526762,
d5f50dfa-40f3-89ba-68fb-1c7f7febc1df,UNKNOWN,Inner Melbourne Clinical Psychology - Melbourne,08:00 - 20:00,08:00 - 20:00,08:00 - 20:00,08:00 - 20:00,08:00 - 20:00,"Level 1,423 LITTLE COLLINS STREET",Melbourne,VIC,3000,-37.81622935,144.96063771,09:00 - 16:00,"BAULCH, JACQUELINE LEE",,(03) 9376 1958,https://www.innermelbpsychology.com.au/,4.4,https://maps.google.com/?cid=11126818790003056966,Call or visit website to book
57a7c7a9-5a19-9e57-5db2-346d274ba86d,CLOSED,Focus Psychology and Hypnotherapy,09:00:00 - 18:00:00,09:00:00 - 18:00:00,09:00:00 - 18:00:00,09:00:00 - 18:00:00,09:00:00 - 18:00:00,"Level 13,200 Queen Street",Melbourne,VIC,3000,-37.8135643,144.96046448,09:00:00 - 13:00:00,,,(03) 8648 6425,http://www.focuspsychology.net.au/,1,https://maps.google.com/?cid=18246850082754964670,Call or visit website to book
f6617d51-b04a-b01e-9f0a-58707037f98c,CLOSED,Relationships Counselling Professionals - East Melbourne,09:00:00 - 17:00:00,09:00:00 - 17:00:00,09:00:00 - 17:00:00,09:00:00 - 17:00:00,09:00:00 - 17:00:00,Confidential Address,East Melbourne,VIC,3002,-37.81762695,144.9811554,08:00 - 20:00,Relationships Counselling Professionals,08:00 - 20:00,(03) 9018 9567,https://www.thehartcentre.com.au/city/melbourne/?utm_source=google&utm_medium=organic&utm_campaign=gmb,5,https://maps.google.com/?cid=7028250117879374342,Call or visit website to book
8a8a60e9-5906-a2fd-d088-45ed8e82869f,CLOSED,Wombat Housing and Support Services,09:00:00 - 17:00:00,09:00:00 - 17:00:00,09:00:00 - 17:00:00,09:00:00 - 17:00:00,09:00:00 - 17:00:00,195 Melrose Street,North Melbourne,VIC,3051,-37.7903595,144.94276428,,,,1800 887 775,https://www.wombat.org.au/,4.3,https://maps.google.com/?cid=14666920205730910704,Call or visit website to book
a7306157-13c1-2542-37db-9432e2592935,CLOSED,Vida Psychology - North Melbourne,09:00:00 - 17:00:00,09:00:00 - 17:00:00,09:00:00 - 17:00:00,09:00:00 - 17:00:00,09:00:00 - 17:00:00,"Suite 1A,13-21 Vale Street North Melbourne VIC 3051",North Melbourne,VIC,3051,-37.79998,144.95356,,Vida Psychology,,(03) 9328 3636,http://www.vidapsychology.com.au/,4.2,https://maps.google.com/?cid=8891428752636768477,Call or visit website to book
87704a7c-f918-a22b-a381-9b0b6623f78a,CLOSED,Judith Minster - Clinical Psychologist & Hypnotherapist,,10:00:00 - 18:00:00,10:30 - 16:30,10:30 - 19:15,10:00:00 - 18:00:00,"Suite 9,228 CLARENDON STREET",East Melbourne,VIC,3002,-37.80946633,144.98395942,08:30:00 - 12:30:00,VISUAL IMAGES PTY. LTD.,,0417 321 684,http://www.judithminster.com/#!contact/c1d94,3,https://maps.google.com/?cid=7621046635773660222,Call or visit website to book
47824b4e-6f70-8c28-110d-14e9922db8a2,UNKNOWN,Relationships Counselling Professionals - Melbourne,09:00 - 20:30,08:30 - 20:30,08:30 - 20:30,08:00 - 20:30,08:30 - 20:30,Confidential Address,Melbourne,VIC,3000,-37.81523895,144.96353149,08:30 - 17:00,Relationships Counselling Professionals,,0411 615 313,http://msrcc.com.au/,4.7,https://maps.google.com/?cid=4027655528397891607,Call or visit website to book
6820165a-9868-5b62-c2f9-2ab1b5ddb4aa,UNKNOWN,Nicki Gazis - Clinical Psychologist,,09:00 - 19:00,09:00 - 19:00,09:00 - 19:00,,7 RIVERSIDE QUAY,Southbank,VIC,3006,-37.82168938,144.96448778,,,,0431 485 611,http://carltonclinicalpsychology.com/,5,https://maps.google.com/?cid=3647761375472062167,Call or visit website to book
b2eb5b2b-0b6d-4155-8f1d-eb8947342e6d,CLOSED,Casey Anderson Counselling and Psychotherapy,08:00:00 - 18:00:00,08:00:00 - 18:00:00,08:00:00 - 18:00:00,08:00:00 - 18:00:00,08:00:00 - 18:00:00,201 CARDIGAN STREET,Carlton,VIC,3053,-37.80204127,144.96488637,,,,0400 637 433,,,https://maps.google.com/?cid=11803433803022771434,
72b3f0a8-e4f0-4eef-39b6-5d7e8a09d213,CLOSED,Reimagine Psychology Melbourne,08:00 - 17:00,08:00:00 - 17:00:00,08:00:00 - 17:00:00,08:00:00 - 17:00:00,08:00:00 - 17:00:00,"Ground Floor,3 Howard Street",West Melbourne,VIC,3003,-37.807015,144.952979,08:00:00 - 15:00:00,,,(03) 8330 5588,http://reimaginepsychology.melbourne/,4.6,https://maps.google.com/?cid=8063833218116255905,Call or visit website to book
150e4402-25e9-40e7-ab24-f78177a7f00d,CLOSED,Kit Casey - Psychologist,,,,,09:00:00 - 18:00:00,62 WELLINGTON PARADE,East Melbourne,VIC,3002,-37.81638611,144.9882528,09:00:00 - 12:00:00,,,,https://www.kitcaseypsychologist.com.au/,,https://maps.google.com/?cid=10453486644482535097,Call or visit website to book
8706dbe4-1645-4f59-8737-03ba3b2792d7,CLOSED,Symmetry Mental Health Network,09:00:00 - 19:00:00,09:00:00 - 19:00:00,09:00:00 - 19:00:00,09:00:00 - 19:00:00,09:00:00 - 19:00:00,198 DRUMMOND STREET,Carlton,VIC,3053,-37.80179223,144.96870688,09:00:00 - 19:00:00,,,(03) 7012 6724,http://symmetrymentalhealth.com/,,https://maps.google.com/?cid=9360572421706764955,Call or visit website to book
5b66f69b-a300-40e1-8fac-66134e78e63e,CLOSED,Peyton Psychology,09:00:00 - 19:00:00,09:00:00 - 19:00:00,09:00:00 - 19:00:00,09:00:00 - 19:00:00,09:00:00 - 17:00:00,29 Argyle Place S,Carlton,VIC,3053,-37.80364581,144.96536036,,,,(03) 9723 3339,http://www.peytonpsychology.com.au/,,https://maps.google.com/?cid=13093963002443929666,Call or visit website to book
27fcd93b-0e5d-41f3-ac16-c42b5a7fd58f,CLOSED,Monarch Mental Health Group - Melbourne,09:00:00 - 17:00:00,09:00:00 - 17:00:00,09:00:00 - 17:00:00,09:00:00 - 17:00:00,09:00:00 - 17:00:00,"Suite 1, Level,4, 20 Collins Street",Melbourne,VIC,3000,-37.81324797,144.97288621,,,,1300 867 888,https://www.mmhg.com.au/,2.8,https://maps.google.com/?cid=6052072788141818379,Call or visit website to book
8e8c74c6-3dea-d728-dff0-7560e30f7162,CLOSED,East Melbourne Psychology,09:00:00 - 20:00:00,09:00:00 - 20:00:00,09:00:00 - 20:00:00,09:00:00 - 20:00:00,09:00:00 - 18:00:00,23 Lansdowne Street,East Melbourne,VIC,3002,-37.80910492,144.9781189,09:00:00 - 17:00:00,,,(03) 9639 2866,http://www.eastmelbournepsychology.com.au/,5,https://maps.google.com/?cid=1042202668588633714,Call or visit website to book
4a406884-a2af-af6d-66dc-6221a7e6fa5a,CLOSED,Dr Lolita Ellims - Psychiatrist,09:00:00 - 12:00:00,09:00:00 - 12:00:00,09:00:00 - 12:00:00,09:00:00 - 12:00:00,09:00:00 - 12:00:00,"Epworth Freemasons,Suite 126,320 Victoria Parade",East Melbourne,VIC,3002,-37.80957031,144.98188782,,,,(03) 9419 8639,,4,https://maps.google.com/?cid=604414549544378883,
6dfbebce-ddbb-d055-ee28-ffbdf2a8e270,UNKNOWN,Jennifer Fahey - Psychologist,,,,,,155 Drummond Street,Carlton,VIC,3053,-37.80273056,144.96775818,,,,0411 861 632,,,https://maps.google.com/?cid=8647517205420053382,
8d8183f4-7133-cc65-62e4-7cbb123479ed,CLOSED,Reinforce Inc. (Victorian Association Of Intellectually Disadvantaged Citizens),10:00:00 - 16:00:00,10:00:00 - 16:00:00,10:00:00 - 16:00:00,10:00:00 - 16:00:00,10:00:00 - 16:00:00,"Level 2,247 Flinders Lane",Melbourne,VIC,3000,-37.81699371,144.96617126,,,,(03) 9650 7855,https://reinforce.org.au/,,https://maps.google.com/?cid=3554198491903651007,Call or visit website to book
eeff9bb8-cec8-7327-15df-64818d8ab312,CLOSED,NorthWestern Mental Health - Eating Disorders Program,09:00:00 - 17:00:00,09:00:00 - 17:00:00,09:00:00 - 17:00:00,09:00:00 - 17:00:00,09:00:00 - 17:00:00,"Royal Melbourne Hospital, Level 2, John Cade Unit,Level 2,300 Grattan Street",Parkville,VIC,3052,-37.79881287,144.95608521,,Royal Melbourne Hospital,,(03) 9355 9700,,2.7,https://maps.google.com/?cid=1997533639513548508,
0377580c-583c-07cb-3ec3-538154fd7f5f,CLOSED,Inner West Area Mental Health Service - John Cade Adult Acute Inpatient Unit,09:00:00 - 17:00:00,09:00:00 - 17:00:00,09:00:00 - 17:00:00,09:00:00 - 17:00:00,09:00:00 - 17:00:00,"Royal Melbourne Hospital,Level 1,300 Grattan Street",Parkville,VIC,3052,-37.79881287,144.95608521,,MELBOURNE HEALTH,,(03) 9342 7000,https://www.thermh.org.au/services/mental-health,4.2,https://maps.google.com/?cid=5164680683210456313,Call or visit website to book
f77fdeb6-fac6-0f85-6bfd-fd9b43e63050,CLOSED,Paul Reid - Counselling & Psychotherapy,09:00:00 - 20:00:00,09:00:00 - 20:00:00,09:00:00 - 20:00:00,09:00:00 - 20:00:00,09:00:00 - 20:00:00,96 Elgin Street,Carlton,VIC,3053,-37.79734421,144.97151184,,,,0420 496 599,http://counsellingtherapymelbourne.com.au/,5,https://maps.google.com/?cid=7861905287644507975,Call or visit website to book
fb0c474c-a04b-666e-8d2f-3d49cdf4c079,CLOSED,Rob Russell - Psychologist,09:30:00 - 19:00:00,09:30:00 - 19:00:00,09:30:00 - 19:00:00,09:30:00 - 19:00:00,09:30:00 - 19:00:00,"Carlton Cloctower,Suite 19,255 Drummond Street",Carlton,VIC,3053,-37.79985428,144.96792603,,,,0416 117 861,,,https://maps.google.com/?cid=1992065986202311948,
a1bf1bc0-07af-59b8-4ac6-e74cf82afedb,CLOSED,Inner West Area Mental Health Service - John Cade Adult Acute Inpatient Unit,09:00:00 - 17:00:00,09:00:00 - 17:00:00,09:00:00 - 17:00:00,09:00:00 - 17:00:00,09:00:00 - 17:00:00,"John Cade Adult Acute Inpatient Unit,Level 1,300 Grattan Street",Parkville,VIC,3052,-37.79881287,144.95608521,,MELBOURNE HEALTH,,(03) 9342 7000,https://www.thermh.org.au/services/mental-health,4.2,https://maps.google.com/?cid=5164680683210456313,Call or visit website to book
3fe74da6-58c8-d9d1-ed06-d2352bf2e3f1,CLOSED,Federation of Spanish Speaking Senior Citizens,10:00 - 21:00,10:00 - 21:00,10:00 - 21:00,10:00:00 - 16:00:00,10:00 - 17:00,247 251 Flinders Lane,Melbourne,VIC,3000,-37.81699371,144.96617126,,,,(03) 9820 2299,http://farolitospanish.com.au/,4.9,https://maps.google.com/?cid=5375337546329404140,Call or visit website to book
afddea3b-59eb-7a96-2b88-ee27e443b248,CLOSED,Victorian Hypnosis & Counselling,09:00:00 - 17:00:00,09:00:00 - 17:00:00,09:00:00 - 17:00:00,09:00:00 - 17:00:00,09:00:00 - 17:00:00,62 Wellington Parade,East Melbourne,VIC,3002,-37.8164978,144.98809814,09:00 - 17:00,,,0466 544 450,http://vichc.com.au/,,https://maps.google.com/?cid=13810436540814709106,Call or visit website to book
1b1b1f15-ebc2-487d-4c69-0e4263de768c,CLOSED,CTK Psychology & Emotional Wellbeing,,,,,,"Darling Terrace,145 Drummond Street",Carlton,VIC,3053,-37.80315781,144.9677887,09:30:00 - 14:00:00,,,0401 443 236,http://ctkpsychology.com.au/,,https://maps.google.com/?cid=10760506911443538540,Call or visit website to book
f8ba9f22-d005-ecea-824e-b05be9ca1b68,CLOSED,DBI Psychology,09:00 - 19:00,08:00:00 - 20:00:00,09:00 - 19:00,09:00 - 19:00,09:00 - 17:00,"Cramond House,23 Queensberry Street",Carlton,VIC,3053,-37.80532455,144.96829224,,,,(03) 9969 7952,https://www.dynamicpsychotherapy.com.au/,4.2,https://maps.google.com/?cid=16215283830873134345,Call or visit website to book
4e38b4be-1cab-b6a3-1e5b-d1a5011afb40,CLOSED,Beulah Joseph - Psychology Services,09:00:00 - 17:00:00,09:00:00 - 17:00:00,09:00:00 - 17:00:00,09:00:00 - 17:00:00,09:00:00 - 17:00:00,"Level 4,100 Harbour Esplanade",Docklands,VIC,3008,-37.81814957,144.94715881,,,,,https://beulahinternational.com/,3.8,https://maps.google.com/?cid=10464646147970277896,Call or visit website to book
9efaf135-b7a9-929a-0976-feeaf222fa49,CLOSED,Diane Abbott - Psychologist,09:00:00 - 20:00:00,,09:00:00 - 20:00:00,,09:00:00 - 20:00:00,"Level 1,279 Lygon Street",Carlton,VIC,3053,-37.798972,144.9647813,,,,0407 311 341,,,https://maps.google.com/?cid=6784975279145824630,
8f053cfa-dc33-3643-dae9-969b695f84e9,CLOSED,Vida Psychology - North Melbourne,09:00:00 - 17:00:00,09:00:00 - 17:00:00,09:00:00 - 17:00:00,09:00:00 - 17:00:00,09:00:00 - 17:00:00,501 Queensberry Street,North Melbourne,VIC,3051,-37.80312347,144.95065308,,Vida Psychology,,(03) 9328 3636,http://www.vidapsychology.com.au/,4.2,https://maps.google.com/?cid=8891428752636768477,Call or visit website to book
196b1c66-37d6-eca4-643c-c06a3531ca66,CLOSED,Dads in Distress Support Services,08:30:00 - 17:00:00,08:30:00 - 17:00:00,08:30:00 - 17:00:00,08:30:00 - 17:00:00,08:30:00 - 17:00:00,Confidential Address,Melbourne,VIC,3000,-37.81359863,144.96310425,08:30:00 - 17:00:00,,,,http://missed.org.au/,5,https://maps.google.com/?cid=15006638293900648042,Call or visit website to book
4933c2e2-5c58-ef3f-5e6d-75e0b40b7900,CLOSED,Healing Minds Psychology - West Melbourne,09:00:00 - 17:00:00,09:00:00 - 17:00:00,09:00:00 - 17:00:00,09:00:00 - 17:00:00,09:00:00 - 17:00:00,67 Rosslyn Street,West Melbourne,VIC,3003,-37.80802917,144.95243835,,HEALING MINDS CORPORATION PTY LTD,,1300 732 725,http://www.healingmindspsychology.com.au/,,https://maps.google.com/?cid=5220346050152278138,Call or visit website to book
b6a62417-1a69-c806-620e-22a2c3139ddb,CLOSED,RMB Psychology - Restoring Mind & Body,,10:00 - 18:00,10:00 - 18:00,10:00:00 - 18:00:00,10:00:00 - 18:00:00,"The Dome,Level 14,333 Collins Street",Melbourne,VIC,3004,-37.81694031,144.96316528,10:00:00 - 17:00:00,,,(03) 9069 0023,http://www.rmbpsychology.com.au/,3,https://maps.google.com/?cid=4807240683835250718,Call or visit website to book
da20a06f-cbac-419b-da3e-5ad3a091b763,CLOSED,Royal Melbourne Hospital - Neuropsychiatry Unit,09:00:00 - 17:00:00,09:00:00 - 17:00:00,09:00:00 - 17:00:00,09:00:00 - 17:00:00,09:00:00 - 17:00:00,"John Cade Building, Royal Melbourne Hospital,Level 2,300 Grattan Street",Parkville,VIC,3052,-37.79956055,144.95610046,,,Open 24 hours,(03) 9342 7000,https://www.thermh.org.au/,3.3,https://maps.google.com/?cid=11352215223825277671,Call or visit website to book
229ea37e-ad04-6b71-5c8e-9a8e24fdb0c3,CLOSED,Mingary Counselling Service,09:00:00 - 17:00:00,09:00:00 - 17:00:00,09:00:00 - 17:00:00,09:00:00 - 17:00:00,09:00:00 - 17:00:00,"St Michael's Place,Level 2,120 Collins Street",Melbourne,VIC,3000,-37.81422424,144.96969604,,,,1800 391 393,https://www.mingarycounselling.com.au/,5,https://maps.google.com/?cid=9293220264722753179,Call or visit website to book
6ea70a73-341a-a191-6b58-8a76caf30afb,CLOSED,The Psychology Suite,07:30 - 20:30,07:30 - 20:30,08:30:00 - 19:00:00,08:30:00 - 19:00:00,08:30:00 - 19:00:00,"The Block Arcade,Level 4 Suite 401-3,282 Collins Street",Melbourne,VIC,3000,-37.8157959,144.96466064,13:00:00 - 16:00:00,,07:30 - 20:30,0419 368 746,https://melbourneconsultingsuites.com.au/,4.7,https://maps.google.com/?cid=10236345925897664108,Call or visit website to book
1f344539-5407-7b70-a82a-b745fced8a4e,CLOSED,Victorian Deaf Senior Citizens Club,09:00:00 - 17:00:00,09:00:00 - 17:00:00,09:00:00 - 17:00:00,09:00:00 - 17:00:00,09:00:00 - 17:00:00,"Level 4,340 Albert Street",East Melbourne,VIC,3002,-37.80963516,144.97979736,,VICTORIAN DEAF SOCIETY,,(03) 9525 1158,http://www.jpc.org.au/?utm_source=google&utm_medium=wix_google_business_profile&utm_campaign=854494632820369042,5,https://maps.google.com/?cid=11019591001004041623,Call or visit website to book
5e66cb9e-389a-2e98-c406-ced7ce11e571,CLOSED,Brain Injury Matters,,10:00:00 - 16:00:00,,10:00:00 - 16:00:00,,"Ross House,Level 4,247 Flinders Lane",Melbourne,VIC,3000,-37.81686401,144.96611023,,,,(03) 9639 7222,http://braininjurymatters.org,,https://maps.google.com/?cid=6427294538195202728,Call or visit website to book
fbcb2c7e-85a9-294f-79f8-fcfcc91b4f9c,CLOSED,Melbourne CBD Psychology,09:00:00 - 19:00:00,09:00:00 - 19:00:00,09:00:00 - 19:00:00,09:00:00 - 19:00:00,09:00:00 - 19:00:00,"Suite 1012,530 Little Collins Street",Melbourne,VIC,3000,-37.81686783,144.95709229,,,,0458 463 097,http://www.melbournecbdpsychology.com.au/,5,https://maps.google.com/?cid=12375490390093533868,Call or visit website to book
134e48ff-2e60-f09f-86e8-d20eeeac9238,CLOSED,Nutritional Psychology,09:00:00 - 17:00:00,09:00 - 17:00,09:00 - 17:00,09:00 - 17:00,09:00 - 17:00,49 Chetwynd Street,North Melbourne,VIC,3051,-37.80495834,144.95195007,09:00:00 - 17:00:00,,,(03) 9328 3636,http://www.vidapsychology.com.au/,4.2,https://maps.google.com/?cid=8891428752636768477,Call or visit website to book
a1de089d-4ed4-d0b7-9fa4-f4e918b5ba97,CLOSED,"Anxiety Recovery Centre Victoria, Support Groups - Carlton",10:00 - 20:30,10:00 - 20:30,19:00:00 - 20:30:00,10:00 - 20:30,10:00 - 20:30,100 Drummond Street,Carlton,VIC,3053,-37.80438232,144.96827698,11:00:00 - 12:30:00,OBSESSIVE COMPULSIVE & ANXIETY DISORDERS FOUNDATION VIC INC,,0402 345 711,https://www.melbourneanxietyclinic.com.au/,5,https://maps.google.com/?cid=17105706600857863919,Call or visit website to book
4ddeada5-8fc8-0a38-258d-52ba31306d30,CLOSED,Nexus Psychology - Melbourne,10:00:00 - 20:00:00,10:00:00 - 20:00:00,10:00:00 - 20:00:00,10:00:00 - 20:00:00,10:00:00 - 16:00:00,"Level 4 Suite 4,517 St Kilda Road",Melbourne,VIC,3004,-37.84457779,144.9793396,10:00:00 - 14:00:00,The Trustee for THE R & D KABILLO FAMILY TRUST,10:00:00 - 14:00:00,(03) 9500 0751,https://nexuspsychology.com.au/,,https://maps.google.com/?cid=611423663395530337,Call or visit website to book
3ab40e23-ad8d-3119-8160-d075283cd696,CLOSED,Freedom Psychology - Kensington,09:00:00 - 18:00:00,10:00 - 20:00,11:00:00 - 19:00:00,,,"Kensington Healthcare,475 Macauley Road",Kensington,VIC,3031,-37.79463959,144.93032837,09:00 - 14:00,Freedom Psychology,,0411 035 052,http://www.freedomcouplecounselling.com/,5,https://maps.google.com/?cid=5018294305051793150,Call or visit website to book
8aaf973f-acca-de4d-3133-3a440753bd9e,CLOSED,Kate Earl - Psychologist,09:00:00 - 17:00:00,09:00:00 - 17:00:00,09:00:00 - 17:00:00,09:00:00 - 17:00:00,09:00:00 - 17:00:00,"Level 2,420 Collins Street",Melbourne,VIC,3000,-37.8170193,144.9581141,,,,(03) 9598 6899,,,https://maps.google.com/?cid=6046517763276640111,
67344d2a-f447-4470-8bef-9a33df3c14fa,CLOSED,Core Life Psychology,,09:00:00 - 19:00:00,09:00:00 - 17:00:00,09:00:00 - 19:00:00,09:00:00 - 15:00:00,165 Drummond Street,Carlton,VIC,3053,-37.80251,144.967692,,,,0451 491 395,https://www.corelifepsychology.com.au/,,https://maps.google.com/?cid=5767732593874133028,Call or visit website to book
d2b2bb94-9d04-4688-af89-9bdbb24190eb,CLOSED,Francesca De Maria Counselling,10:00:00 - 19:00:00,10:00:00 - 19:00:00,10:00:00 - 19:00:00,10:00:00 - 19:00:00,10:00:00 - 19:00:00,Confidential Address,Melbourne,VIC,3000,-37.82505258,144.97150601,08:30 - 17:00,,,0411 615 313,http://msrcc.com.au/,4.7,https://maps.google.com/?cid=4027655528397891607,Call or visit website to book
dd293b0a-b25c-4b00-9176-77a65f65eac8,CLOSED,St Vincent's Hospital On The Park - Rehabilitation Care Centre,08:30:00 - 16:30:00,08:30:00 - 16:30:00,08:30:00 - 16:30:00,08:30:00 - 16:30:00,08:30:00 - 16:30:00,"Level 3,11 Cathedral Place",East Melbourne,VIC,3002,-37.81114121,144.97783501,,,,(03) 9075 2600,https://www.svhm.org.au/patients-visitors/campus-information/st-vincents-hospital-on-the-park,4.1,https://maps.google.com/?cid=3793860910294399198,Call or visit website to book
d1e907a8-90dc-46be-b3d7-bd52991a1c2f,CLOSED,Daniella Carfi Counselling,07:00:00 - 15:00:00,07:00:00 - 15:00:00,07:00:00 - 15:00:00,07:00:00 - 15:00:00,07:00:00 - 15:00:00,"Suite 1012, Level 10 (Exchange Tower),530 LITTLE COLLINS STREET",Melbourne,VIC,3000,-37.81687975,144.95710996,,,,0406 086 762,http://daniellacarficounselling.com/?utm_source=google&utm_medium=wix_google_business_profile&utm_campaign=3395359349585462041,,https://maps.google.com/?cid=3648929123435279293,Call or visit website to book
1c30207d-2220-4799-8921-24d0d481e096,CLOSED,Psychology Melbourne,08:30:00 - 18:30:00,08:30:00 - 18:30:00,08:30:00 - 18:30:00,08:30:00 - 18:30:00,08:30:00 - 18:00:00,"Shop 2,50 Queen Street",Melbourne,VIC,3000,-37.81758586,144.96218868,09:00:00 - 15:00:00,,,(03) 9629 1001,https://www.psychologymelbourne.com.au/,3.7,https://maps.google.com/?cid=5950679112337115555,Call or visit website to book
786c6206-bdfd-405e-a0f9-8bb896e568ac,CLOSED,Clarity Psychological Services,09:00:00 - 19:00:00,09:00:00 - 19:00:00,09:00:00 - 17:00:00,09:00:00 - 19:00:00,09:00:00 - 17:00:00,"Shop 28B,255 Drummond Street",Carlton,VIC,3053,-37.799824,144.96780656,09:00:00 - 12:00:00,,,(03) 9349 2745,https://claritypsych.com.au/carlton/,4.8,https://maps.google.com/?cid=13315078852433378944,Call or visit website to book
1f24effa-211c-458c-9267-249da9aa5a0a,CLOSED,ATENTA Relationship Counselling,09:00:00 - 21:00:00,08:00:00 - 21:00:00,08:00:00 - 21:00:00,08:00:00 - 21:00:00,08:00:00 - 15:00:00,62 Wellington Parade,Melbourne,VIC,3004,-37.8165092,144.98807809,09:00:00 - 15:00:00,,,0427 330 580,https://www.atenta.au/,5,https://maps.google.com/?cid=100760708245936281,Call or visit website to book
d8557c6f-36bb-5d55-d9bb-3c2832289f42,CLOSED,Ms Flora Pearce - Counselling,09:00 - 20:30,08:30 - 20:30,08:00:00 - 19:00:00,08:00:00 - 19:00:00,16:00:00 - 18:00:00,"Greenview Corporate Centre,Level 2 Suite 24,20 Commercial Road",Melbourne,VIC,3004,-37.84458923,144.97987366,08:30 - 17:00,,,0411 615 313,http://msrcc.com.au/,4.7,https://maps.google.com/?cid=4027655528397891607,Call or visit website to book
0a531899-e592-45c5-6988-4535012327fa,CLOSED,Debi Hamilton Counselling & Consulting - Melbourne,09:00:00 - 17:00:00,09:00:00 - 17:00:00,09:00:00 - 17:00:00,09:00:00 - 17:00:00,09:00:00 - 17:00:00,Confidential Address,Carlton,VIC,3053,-37.80101395,144.96975708,,Debi Hamilton Counselling And Consulting,,0408 990 351,http://www.debbiebuesnel.com.au/,,https://maps.google.com/?cid=4590809726877349726,Call or visit website to book
e4f324e1-e9b0-6e78-bc64-b7d8b68ea957,CLOSED,Centre for Clinical Psychology,09:00:00 - 20:00:00,09:00:00 - 20:00:00,09:00:00 - 20:00:00,09:00:00 - 20:00:00,09:00:00 - 20:00:00,"SHOP 19,255 DRUMMOND STREET",Carlton,VIC,3053,-37.799824,144.96780656,08:00:00 - 13:00:00,The Trustee for APPN Unit Trust,,(03) 9077 0122,https://ccp.net.au/?utm_source=local&utm_medium=organic&utm_campaign=gmb,4.7,https://maps.google.com/?cid=13784855591333886184,Call or visit website to book
ce1da898-7938-d5b3-21a1-6c228f92f97b,CLOSED,Sean Cuthbert Clinical Psychologist,08:30 - 16:00,09:00:00 - 17:00:00,08:30 - 18:30,,09:00:00 - 17:00:00,"Suite 1012,530 Little Collins Street",Melbourne,VIC,3000,-37.81687546,144.95709229,,,,0432 030 930,http://www.seancuthbert.com.au/,5,https://maps.google.com/?cid=6583318475211887486,Call or visit website to book
0213994e-a67b-4fc5-9bfc-fd54e55ca72b,CLOSED,BMD Psychology,08:00:00 - 14:30:00,08:00:00 - 19:30:00,,08:00:00 - 17:00:00,08:00:00 - 12:30:00,"The Spencer West End Apartments,Unit 5/710,10 Wominjeka Walk",West Melbourne,VIC,3003,-37.80999814,144.94968673,08:00:00 - 12:30:00,,,0403 226 963,http://www.bmdpsychology.com.au/,5,https://maps.google.com/?cid=447878148169698380,Call or visit website to book
48ec7b73-1c91-4aa3-a606-fb03e4a3cd30,CLOSED,Clinical Psychology,09:00:00 - 20:00:00,09:00:00 - 18:00:00,09:00:00 - 20:00:00,09:00:00 - 18:00:00,09:00:00 - 18:00:00,"S09037,LEVEL 7,276 FLINDERS STREET",Melbourne,VIC,3000,-37.81764678,144.96507966,14:00:00 - 15:00:00,,10:00 - 16:00,0493 582 732,http://clinicalpsychologymelbourne.com.au/,,https://maps.google.com/?cid=14217057430575630392,Call or visit website to book
bb6d281d-95d2-3e6e-4b1d-87d59ff459ac,UNKNOWN,Foot & Ankle Rehabilitation Australia - East Melbourne,,,,,,"Melbourne Orthopaedic Surgeons,188 GIPPS STREET",East Melbourne,VIC,3002,-37.81220931,144.98361272,,"IMER, STUART",,(03) 9596 6612,https://faara.com.au/,,https://maps.google.com/?cid=15930604724926913078,Call or visit website to book
964ffe89-6de7-15d3-37be-50a756ac25ec,CLOSED,Immersive Psychology,,10:30:00 - 18:00:00,10:30:00 - 16:30:00,10:30:00 - 18:00:00,10:30:00 - 13:00:00,"Suite 9,228 Clarendon Street",East Melbourne,VIC,3002,-37.8094561,144.9840048,10:30:00 - 13:00:00,VISUAL IMAGES PTY. LTD.,,,,,https://maps.google.com/?cid=14074436188321195452,
cbf87a0a-5763-3153-83f6-bd118ce85700,CLOSED,"Australian Romanian Community Welfare, Health And Services Association Of Victoria Inc",10:00:00 - 17:00:00,10:00:00 - 17:00:00,10:00:00 - 17:00:00,10:00:00 - 17:00:00,,55 Melrose Street,North Melbourne,VIC,3051,-37.79417038,144.9415741,09:00:00 - 13:00:00,,,(03) 9348 9066,,5,https://maps.google.com/?cid=17806003546119154931,
570c8b77-5f7e-e750-e261-a2605dbf7f7c,CLOSED,Victorian Elderly Chinese Welfare Society Inc,09:00:00 - 17:00:00,09:00:00 - 17:00:00,09:00:00 - 17:00:00,09:00:00 - 17:00:00,09:00:00 - 17:00:00,187 Victoria Street,West Melbourne,VIC,3003,-37.8060379,144.95533752,,VICTORIAN ELDERLY CHINESE WELFARE SOCIETY,,(03) 9329 2258,,3.5,https://maps.google.com/?cid=2030807690189896256,
547c3541-51ab-1e47-b984-4ab7ff94212c,CLOSED,Australian Holistic Healers and Counsellors Association,,,,10:00:00 - 16:00:00,,Confidential Address,Melbourne,VIC,3000,-37.81332099,144.96289934,,,,,https://www.ashati.org/healer-training-energy-healing-reiki-course-australia-melbourne.html,5,https://maps.google.com/?cid=968531083638142546,Call or visit website to book
e9555a09-e23e-897e-8a3b-6b6440bab2ed,CLOSED,Royal Freemasons Community Care Eastern,07:00:00 - 18:30:00,07:00:00 - 18:30:00,07:00:00 - 18:30:00,07:00:00 - 18:30:00,07:00:00 - 18:30:00,"Freemasons Homes,45 Moubray Street",Melbourne,VIC,3004,-37.84761429,144.98339844,,ROYAL FREEMASONS LTD,,(03) 9452 2200,http://www.royalfreemasons.org.au/,5,https://maps.google.com/?cid=7418699013886921200,Call or visit website to book
6c361ed3-2ca3-5bd0-f836-a7ed0c7564f6,CLOSED,North West Aged Care Assessment Service (ACAS),08:30:00 - 17:00:00,08:30:00 - 17:00:00,08:30:00 - 17:00:00,08:30:00 - 17:00:00,08:30:00 - 17:00:00,"Level 1 Building 2,34-54 Poplar Road",Parkville,VIC,3052,-37.77811432,144.94799805,,MELBOURNE HEALTH,,(03) 8387 2193,https://www.thermh.org.au/services/aged-care/aged-care-assessment-service,4.2,https://maps.google.com/?cid=14689997267830708885,Call or visit website to book
7f789b8e-ff0a-78fd-a337-0a50ca3f562d,CLOSED,Colgan Day Respite,09:00:00 - 15:00:00,09:00:00 - 15:00:00,09:00:00 - 15:00:00,09:00:00 - 15:00:00,09:00:00 - 15:00:00,"Rathdowne Place Aged Care,497 Rathdowne Street",Carlton,VIC,3053,-37.79359055,144.97091675,09:00 - 17:00,AUSTRALIAN UNITY CARE SERVICES PTY LTD,09:00 - 17:00,(03) 9240 7000,https://www.australianunity.com.au/aged-care/rathdowne-place,3.9,https://maps.google.com/?cid=11890267925374716741,Call or visit website to book
c71c9d70-4093-cc66-aef4-6dc4c83ecfc3,CLOSED,Palliative Care Victoria Inc,09:00:00 - 17:00:00,09:00:00 - 17:00:00,09:00:00 - 17:00:00,09:00:00 - 17:00:00,09:00:00 - 17:00:00,"Level 2,182 Victoria Parade",East Melbourne,VIC,3002,-37.80895615,144.97790527,,,,(03) 9662 9644,http://www.pallcarevic.asn.au/,1,https://maps.google.com/?cid=8859946047134466390,Call or visit website to book
3e5df644-ef12-7e48-e015-15e6c00d6c96,CLOSED,Housing For The Aged Action Group - Home at Last service,10:00:00 - 16:00:00,10:00:00 - 16:00:00,10:00:00 - 16:00:00,10:00:00 - 16:00:00,10:00:00 - 16:00:00,"Ross House,Level 1,247 251 Flinders Lane",Melbourne,VIC,3000,-37.81699371,144.96617126,,,,(03) 9654 7389,http://www.oldertenants.org.au/,5,https://maps.google.com/?cid=1703166231059671541,Call or visit website to book
863e0099-332d-2150-c2da-af94dd930f56,CLOSED,Carlton Senior Citizen Centre,08:00 - 15:00,08:00 - 15:00,10:00:00 - 15:00:00,10:00:00 - 15:00:00,10:00:00 - 15:00:00,"Kathleen Syme Library,251 Faraday Street",Carlton,VIC,3053,-37.79884338,144.96534729,,,,(03) 9347 7823,,3,https://maps.google.com/?cid=7386348311538137762,
b6903fee-072a-b573-1e39-1dfe860e18e0,CLOSED,National Seniors Australia - Melbourne,08:30:00 - 17:00:00,08:30:00 - 17:00:00,08:30:00 - 17:00:00,08:30:00 - 17:00:00,,"Floor 2,290 Collins Street",Melbourne,VIC,3000,-37.81577301,144.96444702,,,,0412 106 604,,,https://maps.google.com/?cid=11761067366932438044,
ed57e0a7-6887-9691-9c19-d2529f33be8f,CLOSED,Mercy Health Home & Community Care North West Metro,09:00:00 - 17:00:00,09:00:00 - 17:00:00,09:00:00 - 17:00:00,09:00:00 - 17:00:00,09:00:00 - 17:00:00,67 Cade Way,Parkville,VIC,3052,-37.77713013,144.93891907,,MERCY AGED AND COMMUNITY CARE LTD,,(03) 9385 9444,https://home-care.mercyhealth.com.au/local-offices/parkville/,3,https://maps.google.com/?cid=6498773074801718666,Call or visit website to book
3ba4a38c-72c5-3902-ae24-3ab406a68f34,CLOSED,Jon Finch - Psychologist,09:00 - 17:00,12:00:00 - 20:00:00,10:00:00 - 17:00:00,09:00 - 17:00,10:00:00 - 17:00:00,806 Lygon Street,Carlton,VIC,3053,-37.79961014,144.96717834,07:00:00 - 12:00:00,,,(03) 9077 0122,https://ccp.net.au/,,https://maps.google.com/?cid=14276059855528749925,Call or visit website to book
06175917-ac28-41a2-af66-f3045be2df60,CLOSED,VincentCare Home Care Packages (West),09:00:00 - 17:00:00,09:00:00 - 17:00:00,09:00:00 - 17:00:00,09:00:00 - 17:00:00,09:00:00 - 17:00:00,197 Flemington Road,North Melbourne,VIC,3051,-37.79494858,144.94827271,,VINCENTCARE VICTORIA,Open 24 hours,1800 825 955,https://vincentcare.org.au/our-services/ozanam-house/,4.3,https://maps.google.com/?cid=6890856510315285199,Call or visit website to book
233dd7a3-6b58-4d65-bc98-cd54075b2780,CLOSED,Good Psychology,08:30:00 - 17:00:00,08:30:00 - 17:00:00,08:30:00 - 17:00:00,08:30:00 - 17:00:00,08:30:00 - 17:00:00,62 Wellington Parade,East Melbourne,VIC,3002,-37.81638611,144.9882528,08:00:00 - 12:00:00,,,(03) 9639 2866,http://www.eastmelbournepsychology.com.au/,5,https://maps.google.com/?cid=1042202668588633714,Call or visit website to book
c970ecab-6f77-e164-4429-aec020843a2f,CLOSED,Solace Psychology,14:00:00 - 20:00:00,09:00 - 19:00,09:00 - 19:00,14:00:00 - 20:00:00,09:00 - 19:00,145 Drummond Street,Carlton,VIC,3053,-37.80324936,144.96794128,09:00 - 17:00,,,(03) 9988 9155,https://www.solacepsychology.com/?utm_source=GMB&utm_medium=organic,5,https://maps.google.com/?cid=14886937110435088619,Call or visit website to book
485eaeb9-9b3d-b587-793d-4e069e3bd36f,UNKNOWN,Aged Care Online,,,,,,"Level 5,114 FLINDERS STREET",Melbourne,VIC,3000,-37.81621779,144.97093911,,,Open 24 hours,1300 030 032,https://absolutecarehealth.com.au/,3.8,https://maps.google.com/?cid=16079171454728567078,Call or visit website to book
58d419ed-6531-f0ae-32f3-1903b097cd3b,CLOSED,Seniors Information Victoria,10:00:00 - 17:00:00,10:00:00 - 17:00:00,10:00:00 - 17:00:00,10:00:00 - 17:00:00,10:00:00 - 17:00:00,"Level 1,533 Little Lonsdale Street",Melbourne,VIC,3000,-37.8130722,144.95619202,,COUNCIL ON THE AGEING (VIC) INC,,(03) 9655 2100,https://cotavic.org.au/,5,https://maps.google.com/?cid=4121106256114049575,Call or visit website to book
9d92d185-5a7e-5e12-98bf-f42e939c1ff7,CLOSED,CO.AS.IT Aged Care Services,09:00:00 - 17:00:00,09:00:00 - 17:00:00,09:00:00 - 17:00:00,09:00:00 - 17:00:00,09:00:00 - 17:00:00,189 Faraday Street,Carlton,VIC,3053,-37.79897308,144.96813965,,CO.AS.IT. - ITALIAN ASSISTANCE ASSOCIATION,,(03) 9349 9000,http://www.coasit.com.au/,4.4,https://maps.google.com/?cid=11088601072061133745,Call or visit website to book
fc5e4ca3-23fa-4083-9aeb-3d3709b3adba,CLOSED,Ambition Home Care,10:00:00 - 21:00:00,10:00:00 - 21:00:00,10:00:00 - 21:00:00,10:00:00 - 21:00:00,10:00:00 - 21:00:00,Confidential Address,Melbourne,VIC,3000,-37.82505258,144.97150601,10:00:00 - 21:00:00,,10:00:00 - 21:00:00,(03) 9490 2639,https://ambitionhomecare-ndisproviderbroadmeadows.pro/,5,https://maps.google.com/?cid=7686541902072150401,Call or visit website to book
08de9bf0-be68-16e7-db56-7233358f08de,CLOSED,Gabriel Rusu - Psychologist Melbourne CBD,09:00:00 - 17:00:00,09:00:00 - 17:00:00,09:00:00 - 17:00:00,09:00:00 - 17:00:00,09:00:00 - 17:00:00,"Level 10 Suite 1012,530 Little Collins Street",Melbourne,VIC,3000,-37.81686783,144.95709229,,"RUSU, GABRIEL",,(03) 9909 7703,https://www.melbournecbdpsychology.com.au/Gabriel-Rusu-Psychologist-Melbourne-CBD.html,5,https://maps.google.com/?cid=14311598926851705899,Call or visit website to book
10fa7560-e988-4ae1-b734-be21ff33e933,CLOSED,Ambertree Psychology,,10:00:00 - 18:00:00,,12:00:00 - 20:00:00,08:00:00 - 13:00:00,"Suite 21, 255 Drummond Street",Carlton,VIC,3053,-37.79979349,144.967938,,,,0481 369 968,http://ambertreepsychology.com.au/,,https://maps.google.com/?cid=4667805187501713036,Call or visit website to book
3464c64f-7a47-eaa6-34a0-90f0166f448f,CLOSED,Carers Victoria - Footscray Office,08:30:00 - 17:00:00,08:30:00 - 17:00:00,08:30:00 - 17:00:00,08:30:00 - 17:00:00,08:30:00 - 17:00:00,Confidential address,Melbourne,VIC,3000,-37.82529412,144.97153819,,CARERS VICTORIA INCORPORATED,,1800 514 845,https://www.carersvictoria.org.au/,4.7,https://maps.google.com/?cid=16935721542917439183,Call or visit website to book
e4196486-0c7f-3e08-6e64-ac6f0764b714,UNKNOWN,Dr Sarah Crome Psychologist - Woodend,09:00 - 17:00,09:00 - 17:00,09:00 - 17:00,09:00 - 17:00,09:00 - 17:00,155 Drummond Street,Carlton,VIC,3053,-37.80271912,144.96783447,09:00 - 16:00,"CROME, SARAH ALEXANDRA",,(03) 9077 0122,https://ccp.net.au/?utm_source=local&utm_medium=organic&utm_campaign=gmb,4.7,https://maps.google.com/?cid=13784855591333886184,Call or visit website to book
4d473006-1820-42eb-bf67-404759f2e443,CLOSED,The Practice Wellbeing Centre,08:00:00 - 20:00:00,08:00:00 - 20:00:00,08:00:00 - 20:00:00,08:00:00 - 20:00:00,08:00:00 - 20:00:00,196 FLINDERS STREET,Melbourne,VIC,3000,-37.81673457,144.96814296,08:00:00 - 15:00:00,,,(03) 9415 3327,https://www.torrens.edu.au/the-practice-wellbeing-centre/melbourne,4.8,https://maps.google.com/?cid=5394890464798009939,Call or visit website to book
5fdef99c-79fc-4b22-a460-e7defc905a64,CLOSED,Anthony M Cichello Clinical Psychologist,08:30:00 - 19:00:00,08:30:00 - 19:00:00,08:30:00 - 19:00:00,08:30:00 - 19:00:00,08:30:00 - 19:00:00,"Christie Suites,454 Collins Street",Melbourne,VIC,3000,-37.81734848,144.95922852,09:00:00 - 13:00:00,,,0439 954 113,http://www.anthonymcichello.com/,,https://maps.google.com/?cid=8141562761024483220,Call or visit website to book
