type,name,address,artist,year,description,latitude,longitude
Monument,Black Swan Memorial Drinking Fountain,"Alexandra Gardens, St Kilda Road, MELBOURNE",Raymond B. Ewers,1974,Bluestone drinking fountain with bronze plaque,-37.8195705617737,144.971824407255
Monument,Captain Cook,"Cook's Cottage, Fitzroy Gardens, 274 Wellington Parade, EAST MELBOURNE",Marc Clark,1973,Bronze statue,-37.8145792919449,144.979494361804
Art,Statue of Meditation,"Conservatory, Fitzroy Gardens, 274 Wellington Parade, EAST MELBOURNE",Robert Delandere,1933,Marble statue,-37.813953837555,144.978577485077
Art,Federation Bells,"Birrarung Marr, MELBOURNE",Designers Neil McLachlan and Anton Hasell,2002,Bronze-alloy bells on galvanised-steel poles,-37.8187404835153,144.974102781582
Monument,Councillor William Cook Memorial Drinking Fountain,266 Macpherson Street,Charles Douglas Richardson,1910,"Granite, marble and bluestone drinking fountain",-37.7852874613137,144.966190055728
Monument,King George V,"Kings Domain, Alexandra Avenue, MELBOURNE",Sculptor William Leslie Bowles; founder John Galizia; stonemason G.B. Edwards & Sons,1952,"Bronze, sandstone and granite sculpture with bluestone base",-37.8242726516388,144.973213430025
Art,Threaded Field,"685 La Trobe Street, DOCKLANDS",Simon Perry,1999,Sculpture,-37.815324414746,144.9470729338
Monument,Pioneer Monument,"395 King Street, WEST MELBOURNE",Samuel Craven,1871,Sandstone obelisk,-37.810801327848,144.953954497374
Art,Birrarung Wilam,"Birrarung Marr, MELBOURNE","Vicki Couzens, Lee Darroch and Treahna Hamm",2006,"Stone, wood, stainless steel, bronze, nickel and audio installation",-37.8185922758306,144.971796362269
Fountain,Bali Memorial,"Lincoln Square, Swanston Street, CARLTON",Unknown,2003,"Granite, concrete and stainless steel",-37.8024840905196,144.963242826387
Art,Hotham Hill Paving Inlay,76 Canning Street,Bernice McPherson,1995,Ceramic tiles and asphalt,-37.7949047942895,144.940383521588
Art,Scar - A Stolen Vision,"Enterprize Park, MELBOURNE","Karen Casey, Craig Charles, Glenn Romanis, Maree Clarke, Ray Thomas, Ricardo Idagi and Treahna Hamm",2001,Wooden pier post and metal sculptures,-37.820149525359,144.959318134551
Art,Miraggio,"Sidney Myer Music Bowl, Alexandra Avenue, MELBOURNE",Pino Conte,1964,Bronze statue,-37.8240134693642,144.974151500782
Art,Scar - A Stolen Vision,"Enterprize Park, MELBOURNE","Karen Casey, Craig Charles, Glenn Romanis, Maree Clarke, Ray Thomas, Ricardo Idagi and Treahna Hamm",2001,Wooden pier post and metal sculptures,-37.8201736797154,144.959200268537
Art,Ned and Dan,"21 Rakaia Way, DOCKLANDS",Alexander Knox,2006,Three-dimensional frieze,-37.8146994633064,144.940838425061
Art,Dairy Hall Window,"62 Therry Street, MELBOURNE",Artist Bernice McPherson; architect Craig Perry,1996,Glass and steel window,-37.8072067768463,144.959271667297
Monument,Pastor Sir Doug and Lady Gladys Nicholls,"Parliament Gardens, EAST MELBOURNE",Louis Laumen,2007,Bronze memorial statue,-37.8100230422747,144.973642124927
Art,Scar - A Stolen Vision,"Enterprize Park, MELBOURNE","Karen Casey, Craig Charles, Glenn Romanis, Maree Clarke, Ray Thomas, Ricardo Idagi and Treahna Hamm",2001,Wooden pier post and metal sculptures,-37.820097951228,144.959505265904
Art,Painted Poles,"308 Swanston Street, MELBOURNE",Jennifer McCarthy,1992,Metal poles,-37.810347145096,144.964280610813
Monument,John Pascoe Fawkner,"437 Collins Street, MELBOURNE",Michael Meszaros,1978,Bronze statue,-37.8176770967418,144.959995275694
Art,Photo art billboard,"56 Lorimer Street, DOCKLANDS",Various artists,various,Photographic images,-37.8249065059188,144.947426953214
Art,Railway Viewing Platform,"90 Railway Place, WEST MELBOURNE",Designer Bernice McPherson; architects Craig Perry and Peter Dann,1994,Metal platform,-37.8088169283775,144.943688304136
Monument,R.J. & F.G.J. Hardy Memorial Drinking Fountain,463 Lygon Street,unknown,1939,Stone drinking fountain,-37.7855912646095,144.96931423372
Monument,Adam Lindsay Gordan Memorial,"96 Spring Street, EAST MELBOURNE",Paul Montford,1931,Bronze statue on sandstone pedestal,-37.8123635338167,144.97374504876
Art,Angel,Birrarung Marr,Deborah Halpern,1988,"Ceramic, steel and concrete sculpture",-37.8189542313538,144.972959186532
Art,Blowhole,"15 Harbour Esplanade, DOCKLANDS",Duncan Stemler,2005,Stainless-steel and aluminium sculpture,-37.8219308131053,144.946798545611
Monument,Separation Memorial,"401 King Street, WEST MELBOURNE",unknown,1950,Mixed stone sculpture,-37.810695135969,144.953685908935
Art,Sundial,"392 William Street, MELBOURNE",unknown,unknown,Bronze sundial on sandstone plinth,-37.8103161768399,144.954937553695
Art,Threaded Field,"689 La Trobe Street, DOCKLANDS",Simon Perry,1999,Sculpture,-37.8154836225539,144.946712125445
Art,Scar - A Stolen Vision,"Enterprize Park, MELBOURNE","Karen Casey, Craig Charles, Glenn Romanis, Maree Clarke, Ray Thomas, Ricardo Idagi and Treahna Hamm",2001,Wooden pier post and metal sculptures,-37.820111630197,144.959404150284
Art,Horse Hitching Post,"2 Spring Street, EAST MELBOURNE",unknown,c. 1900,Stone post,-37.8150299769363,144.974931527616
Art,Lynch's Bridge Mosaic Mural,"Epsom Road Underpass, KENSINGTON",Elizabeth MacKinnon,1998,Ceramic tile mural,-37.7902053576258,144.92393918587
Art,Reed Vessel,"67 Harbour Esplanade, DOCKLANDS",Virginia King,2002,Sculpture,-37.8202323424168,144.946325127609
Monument,Burke and Wills Monument,"84 Swanston Street, MELBOURNE",Charles Summers,1865,Bronze statue with granite pedestal,-37.8156337321238,144.966703993713
Art,Peter Pan,"Melbourne Zoological Gardens, Elliott Avenue, PARKVILLE",Paul Montford,1925,Bronze statue,-37.784773009033,144.95236482558
Fountain,Grollo Fountain,"169 Rathdowne Street, CARLTON",unknown,2001,Bluestone and granite fountain,-37.8031427973572,144.969874326021
Art,Birrarung Wilam,"Birrarung Marr, MELBOURNE","Vicki Couzens, Lee Darroch and Treahna Hamm",2006,"Stone, wood, stainless steel, bronze, nickel and audio installation",-37.8185954753426,144.971808963839
Art,Constellation,"399 Flinders Street, MELBOURNE",Bruce Armstrong and Geoffrey Bartlett,1996,"Stainless steel, copper and Cyrpus-pine sculpture",-37.8201898206677,144.960789659507
Art,Personal Islands,"201 Swanston Street, MELBOURNE",Robert Jacks,1992,Brass and bluestone,-37.8129540664935,144.965264917067
Art,Ned and Dan,"20 Doepel Way, DOCKLANDS",Alexander Knox,2006,Three-dimensional frieze,-37.8149351757693,144.940308036389
Art,Scar - A Stolen Vision,"Enterprize Park, MELBOURNE","Karen Casey, Craig Charles, Glenn Romanis, Maree Clarke, Ray Thomas, Ricardo Idagi and Treahna Hamm",2001,Wooden pier post and metal sculptures,-37.8201019944052,144.959452353426
Art,Hotham Hill Seat,76 Canning Street,"Bernice McPherson, Di Christensen and Craig Perry",,Steel seat,-37.7949351874639,144.940340735749
Art,Island Wave,"404 Queen Street, MELBOURNE",Lisa Young,2003,Steel sculpture on concrete footing,-37.809326383142,144.958057203226
Art,Walk of Stars,"435 Docklands Drive, DOCKLANDS",Peter Cortlett and Jamie Cooper,2006,Bronze statue and plaques,-37.8152982442351,144.938823236515
Art,Scar - A Stolen Vision,"Enterprize Park, MELBOURNE","Karen Casey, Craig Charles, Glenn Romanis, Maree Clarke, Ray Thomas, Ricardo Idagi and Treahna Hamm",2001,Wooden pier post and metal sculptures,-37.8201547396011,144.959252201884
Monument,Sir John Monash,"270 St Kilda Road, SOUTHBANK",William Leslie Bowles,1950,Bronze statue on granite plinth,-37.8267733497848,144.97275207638
Art,Within Three Worlds,"684 Park Street, CARLTON NORTH",Loretta Quinn,1995,Bronze sculpture,-37.7788688464994,144.961128357193
Monument,Motorcycle,"10 Wellington Parade, EAST MELBOURNE",unknown,1923,Granite and marble memorial,-37.8170400389729,144.989581102887
Art,Blowhole,"13 Harbour Esplanade, DOCKLANDS",Duncan Stemler,2005,Stainless-steel and aluminium sculpture,-37.8220182164578,144.946871022845
Art,Bandstand,"200 Little Collins Street, MELBOURNE",George Dodd,1864,Concrete bandstand,-37.8140548689972,144.96733868317
Art,Coat of Arms,"102 Swanston Street, MELBOURNE",City of Melbourne,1992,Brass pavement inlay,-37.815081401373,144.966458869013
Art,Blowhole,"15 Harbour Esplanade, DOCKLANDS",Duncan Stemler,2005,Stainless-steel and aluminium sculpture,-37.8218628257359,144.947009412249
Monument,John Batman Memorial (2),"443 Collins Street, MELBOURNE",Stanley Hammond,1978,Bronze statue,-37.8176597509552,144.959772957148
Art,Lake Waterfall,"Queen Victoria Gardens, St Kilda Road, MELBOURNE",unknown,1973,Stone waterfall,-37.822086065767,144.971811018826
Monument,Sir William John Clarke,"18 Spring Street, EAST MELBOURNE",Edgar Bertram Mackennal,1902,Marble statue,-37.8136729461963,144.97434487547
Art,Water Children,"Queen Victoria Gardens, St Kilda Road, MELBOURNE",John Edward Robinson,c. 1970,Bronze sculpture,-37.8221241223436,144.970661980986
Art,Scar - A Stolen Vision,"Enterprize Park, MELBOURNE","Karen Casey, Craig Charles, Glenn Romanis, Maree Clarke, Ray Thomas, Ricardo Idagi and Treahna Hamm",2001,Wooden pier post and metal sculptures,-37.8200614090425,144.959718171092
Art,Scar - A Stolen Vision,"Enterprize Park, MELBOURNE","Karen Casey, Craig Charles, Glenn Romanis, Maree Clarke, Ray Thomas, Ricardo Idagi and Treahna Hamm",2001,Wooden pier post and metal sculptures,-37.8200830248455,144.959725218101
Art,Scar - A Stolen Vision,"Enterprize Park, MELBOURNE","Karen Casey, Craig Charles, Glenn Romanis, Maree Clarke, Ray Thomas, Ricardo Idagi and Treahna Hamm",2001,Wooden pier post and metal sculptures,-37.8201002457889,144.959733080966
Art,Within Three Worlds,"684 Park Street, CARLTON NORTH",Loretta Quinn,1995,Bronze sculpture,-37.7789311799623,144.961158146237
Monument,Sir Thomas Blamey Memorial,"262 St Kilda Road, SOUTHBANK",Raymond B. Ewers,1960,Bronze statue with granite pedestal,-37.8263011410214,144.972818912121
Art,Aurora,"96 Harbour Esplanade, DOCKLANDS",Geoffrey Bartlett,2005,Stainless steel,-37.8186937927645,144.946856332947
Art,Australia Today and Tomorrow,"152 Clarendon Street, EAST MELBOURNE",Karl Duldig,1970,Bronze sculpture,-37.8118220481066,144.982657048965
Art,Federation Bells,"Birrarung Marr, MELBOURNE",Designers Neil McLachlan and Anton Hasell,2002,Bronze-alloy bells on galvanised-steel poles,-37.8186610069437,144.97413082954
Art,Feng Shui,"698 Collins Street, DOCKLANDS",Guan Wei,2003,Multi-panel painting,-37.8198227493892,144.951104886543
Fountain,Grant's Fountain,"353 Exhibition Street, MELBOURNE",unknown,1901,Stone fountain,-37.8074703867589,144.968593306036
Art,Scar - A Stolen Vision,"Enterprize Park, MELBOURNE","Karen Casey, Craig Charles, Glenn Romanis, Maree Clarke, Ray Thomas, Ricardo Idagi and Treahna Hamm",2001,Wooden pier post and metal sculptures,-37.8201003379632,144.959547579868
Fountain,Grey Street Fountain,"162 Clarendon Street, EAST MELBOURNE",unknown,1863,Cement fountain,-37.8115435409616,144.982950898766
Fountain,Boy and Urn,"4 Lansdowne Street, EAST MELBOURNE",unknown,unknown,Bronze fountain,-37.8121217645873,144.97970321858
Art,Federation Bells,"Birrarung Marr, MELBOURNE",Designers Neil McLachlan and Anton Hasell,2002,Bronze-alloy bells on galvanised-steel poles,-37.8187023628084,144.974201916576
Fountain,Conservatory Fountain,"Conservatory, Fitzroy Gardens, 274 Wellington Parade, EAST MELBOURNE",unknown,c. 1900,Cast-iron and granite drinking fountain,-37.8138743431045,144.978595506099
Art,Blowhole,"13 Harbour Esplanade, DOCKLANDS",Duncan Stemler,2005,Stainless-steel and aluminium sculpture,-37.8219853561923,144.946774675143
Art,Art Wall,"156 Harbour Esplanade, DOCKLANDS",Peter D. Cole,2000,3D Installation,-37.8158205285983,144.946136474106
Art,Art Wall,"160 Harbour Esplanade, DOCKLANDS",Peter D. Cole,2000,3D Installation,-37.8156948270259,144.946202651563
Art,IOU,"9 Waterview Walk, DOCKLANDS",Mikala Dwyer,2005,Stainless steel and toughened glass,-37.8200830017644,144.947894374833
Art,Weathervanes,"178 Swanston Street, MELBOURNE",Daniel Jenkins,1993,Hand-beaten copper sculpture with gold-leaf detail,-37.8135755457342,144.965751391423
Art,Weathervanes,"271 Bourke Street, MELBOURNE",Daniel Jenkins,1993,Hand-beaten copper sculpture with gold-leaf detail,-37.8136266014549,144.965579210749
Art,Outside Inside Out,"27 Caravel Lane, DOCKLANDS",Matthew McCarthy,2006,Mural,-37.814359230579,144.941130138162
Monument,Man with the Donkey,"Shrine Of Remembrance Reserve, St Kilda Road, MELBOURNE",Wallace Anderson,1935,Cast bronze statue on granite pedestal,-37.8294820404839,144.973858477761
Art,Scar - A Stolen Vision,"Enterprize Park, MELBOURNE","Karen Casey, Craig Charles, Glenn Romanis, Maree Clarke, Ray Thomas, Ricardo Idagi and Treahna Hamm",2001,Wooden pier post and metal sculptures,-37.8202194220305,144.959168439493
Monument,Marquis of Linlithgow,"268 St Kilda Road, SOUTHBANK",William Birnie Rhind,1911,Bronze statue with granite pedestal,-37.8266640358872,144.971916610826
Art,Scar - A Stolen Vision,"Enterprize Park, MELBOURNE","Karen Casey, Craig Charles, Glenn Romanis, Maree Clarke, Ray Thomas, Ricardo Idagi and Treahna Hamm",2001,Wooden pier post and metal sculptures,-37.820084055671,144.959593881825
Art,Threaded Field,"157 Wurundjeri Way, DOCKLANDS",Simon Perry,1999,Sculpture,-37.8152979137773,144.947771877035
Art,Cow Up A Tree,"135 Harbour Esplanade, DOCKLANDS",John Kelly,2000,Bronze sculpture,-37.8171223164672,144.945279753599
Art,Coat of Arms,"100 Swanston Street, MELBOURNE",City of Melbourne,1992,Brass pavement inlay,-37.8151225543656,144.966479473485
Art,Federation Bells,"Birrarung Marr, MELBOURNE",Designers Neil McLachlan and Anton Hasell,2002,Bronze-alloy bells on galvanised-steel poles,-37.8187207058813,144.974110660022
Monument,Thomas Ferguson Memorial Drinking Fountain,"179 Leicester Street, CARLTON",unknown,1912,Stone drinking fountain,-37.8015394618203,144.960227228018
Art,The Water Nymph,"Queen Victoria Gardens, St Kilda Road, MELBOURNE",Paul Montford,1925,Bronze sculpture,-37.8222098236425,144.971335339413
Art,Blowhole,"15 Harbour Esplanade, DOCKLANDS",Duncan Stemler,2005,Stainless-steel and aluminium sculpture,-37.8219524131263,144.946745954515
Art,Federation Bells,"Birrarung Marr, MELBOURNE",Designers Neil McLachlan and Anton Hasell,2002,Bronze-alloy bells on galvanised-steel poles,-37.8187508719706,144.974172398306
Fountain,Mockridge Fountain,"City Square, Collins St, MELBOURNE","Ron Jones, Simon Perry and Darryl Cowie",c. 2000,Concrete fountain,-37.8155224156707,144.966994359113
Art,Signature Work,"22 Waterview Walk, DOCKLANDS",Emily Floyd,2004,Painted aluminium sculpture,-37.8192431329106,144.947246784778
Monument,Captain Matthew Flinders Statue,"30 Swanston Street, MELBOURNE",Sculptor Charles Web Gilbert; founder F. Barbedienne,1923,Bronze statue with granite plinth,-37.8169633123315,144.967487606224
Art,Art Wall,"160 Harbour Esplanade, DOCKLANDS",Peter D. Cole,2000,3D Installation,-37.8155779391708,144.946321235909
Art,Scar - A Stolen Vision,"Enterprize Park, MELBOURNE","Karen Casey, Craig Charles, Glenn Romanis, Maree Clarke, Ray Thomas, Ricardo Idagi and Treahna Hamm",2001,Wooden pier post and metal sculptures,-37.8202412036118,144.959153249799
Monument,Passage,"92 Therry Street, MELBOURNE",Mark Stoner,1994,Bluestone sculpture,-37.8074524440917,144.958306664206
Art,Silence,"50 Newquay Promenade, DOCKLANDS",Adrian Mauriks,2003,Sculpture,-37.8150519675867,144.941598936717
Art,Fault Line,"8 Riverside Quay, SOUTHBANK",Hossein Valamesh,1996,"Sandstone, wood and bronze sculpture",-37.8211525582271,144.964238031747
Art,Speakers Corner,"Birrarung Marr, MELBOURNE",Evangelos Sakaris,c. 2000,Earthwork and pink-granite memorial,-37.8200825876335,144.975716740604
Art,Painted Poles,"50 Swanston Street, MELBOURNE",Maree Clarke and Sonja Hodge,1992,Metal poles,-37.8162685331984,144.967006461765
Monument,Nurse Edith Cavell,"294 St Kilda Road, SOUTHBANK",Margaret Baskerville,1926,Marble bust with cast-bronze panels on granite pedestal,-37.8279878719975,144.973699196119
Art,Webb Bridge,"50 River Esplanade, DOCKLANDS",Robert Owen and Denton Corker Marshall,2003,Pedestrian and cyclist bridge,-37.8239756487966,144.947233077573
Art,Poise,"110 Harbour Esplanade, DOCKLANDS",Warren Langley,2005,Glass,-37.8180105674976,144.946830696021
Monument,John F. Kennedy Memorial,"3 Treasury Place, EAST MELBOURNE",Raymond B. Ewers,1965,Bronze bas-relief head set in granite boulder on landscaped site,-37.8136597830075,144.976354519479
Art,Painted Poles,"316 Swanston Street, MELBOURNE",Jennifer McCarthy,1992,Metal poles,-37.8100968762417,144.964165129049
Art,The Wave,"12 Georgiana Street, DOCKLANDS",Vashti Gonda,2006,Media installation,-37.821493403054,144.950437271721
Art,Fairies Tree,"88 Clarendon Street, EAST MELBOURNE",Ola Cohn,1934,Red Gum carving,-37.8134099807547,144.98110228888
Art,The Court Favourite,"394 William Street, MELBOURNE",Paul Montford,unknown,Bronze statue with granite pedestal,-37.81026401562,144.955039032582
Art,Henderson Drinking Fountain,"76 Errol Street, NORTH MELBOURNE",Walter MacFarlane,1877,Cast-iron drinking fountain,-37.8033418056724,144.949739183347
Art,Continuum,"17 Waterview Walk, DOCKLANDS",Michael Snape,2005,Sculpture,-37.8191896959513,144.946998425444
Art,Constellation,"469 Flinders Street, MELBOURNE",Bruce Armstrong and Geoffrey Bartlett,1996,"Stainless steel, copper and Cyrpus-pine sculpture",-37.8202715915496,144.960597777255
Art,Constellation,"469 Flinders Street, MELBOURNE",Bruce Armstrong and Geoffrey Bartlett,1996,"Stainless steel, copper and Cyrpus-pine sculpture",-37.8202185496201,144.96072531937
Art,Ned and Dan,"37 Caravel Lane, DOCKLANDS",Alexander Knox,2006,Three-dimensional frieze,-37.81452427966,144.940608832218
Art,Weathervanes,"270 Bourke Street, MELBOURNE",Daniel Jenkins,1993,Hand-beaten copper sculpture with gold-leaf detail,-37.8134883855915,144.965515931433
Monument,Mary Gilbert Memorial,"Conservatory, Fitzroy Gardens, 274 Wellington Parade, EAST MELBOURNE",Alisa O'Connor,1975,Cement fondue bust,-37.8140756651063,144.97856026709
Art,Walk of Stars,"435 Docklands Drive, DOCKLANDS",Peter Cortlett and Jamie Cooper,2006,Bronze statue and plaques,-37.8152456579572,144.938853960352
Art,Port Phillip Monument,"178 Sims Street, WEST MELBOURNE",unknown,1941,Basalt monument,-37.8056957854241,144.907291041632
Art,Bird Panels,76 Canning Street,Di Christensen and Bernice McPherson,1995,Stainless-steel panels,-37.7953526839703,144.940687314302
Art,Blowhole,"15 Harbour Esplanade, DOCKLANDS",Duncan Stemler,2005,Stainless-steel and aluminium sculpture,-37.8219107218802,144.946765134735
Art,Threaded Field,"687 La Trobe Street, DOCKLANDS",Simon Perry,1999,Sculpture,-37.8155239604994,144.946828976445
Art,Blowhole,"13 Harbour Esplanade, DOCKLANDS",Duncan Stemler,2005,Stainless-steel and aluminium sculpture,-37.8219554500409,144.947041997573
Monument,Tilly Aston Bell,"Kings Domain, Alexandra Avenue, MELBOURNE",Anton Hasell,1999,Bronze sculpture,-37.8253717117323,144.975900201821
Art,Silence,"55B Newquay Promenade, DOCKLANDS",Adrian Mauriks,2003,Sculpture,-37.815142895306,144.941571658474
Art,Federation Bells,"Birrarung Marr, MELBOURNE",Designers Neil McLachlan and Anton Hasell,2002,Bronze-alloy bells on galvanised-steel poles,-37.8187745168339,144.974175613725
Art,The Pathfinder,"Queen Victoria Gardens, St Kilda Road, MELBOURNE",John Edward Robinson,1974,Bronze sculpture,-37.8220280738117,144.970355228248
Fountain,Clayton Reserve Drinking Fountain,"241 Macaulay Road, NORTH MELBOURNE",unknown,1935,Granite drinking fountain,-37.7956635739188,144.938934811008
Art,Farnex Hercules,"90 St Kilda Road, SOUTHBANK",unknown,1780,Marble bust with granite pedestal,-37.8211093204271,144.969673137809
Fountain,Bali Memorial,"Lincoln Square, Swanston Street, CARLTON",Unknown,2003,"Granite, concrete and stainless steel",-37.8024246248361,144.963256124373
Fountain,Exhibition Fountain,"9 Nicholson Street, CARLTON",Josef Hochgurtel,1880,Portland cement fountain,-37.805456726498,144.971368298725
Fountain,River God Fountain,"304 Albert Street, EAST MELBOURNE",Charles Summers,1862,Stone and cement fountain,-37.8104167138709,144.980882423414
Art,Reynold's Reserve Drinking Fountain,"Princes Park, Royal Parade, CARLTON NORTH",unknown,c. 1935,Red-granite and brick drinking fountain,-37.7836612081103,144.960004054347
Monument,James C. Roberts,"4 The Avenue, PARKVILLE",unknown,unknown,Granite obelisk,-37.7891381500076,144.957053809565
Art,Silence,"55B Newquay Promenade, DOCKLANDS",Adrian Mauriks,2003,Sculpture,-37.8150889597275,144.941472613193
Art,The Genie,"Queen Victoria Gardens, St Kilda Road, MELBOURNE",Sculptor Tom Bass; founder F.J. & I. Lemon,1973,Bronze sculpture,-37.8214877401729,144.971194700662
Art,Birrarung Wilam,"Birrarung Marr, MELBOURNE","Vicki Couzens, Lee Darroch and Treahna Hamm",2006,"Stone, wood, stainless steel, bronze, nickel and audio installation",-37.8185907034456,144.971834942502
Art,Threaded Field,"750 Bourke Street, DOCKLANDS",Simon Perry,1999,Sculpture,-37.8179724438437,144.947887016093
Art,Scar - A Stolen Vision,"Enterprize Park, MELBOURNE","Karen Casey, Craig Charles, Glenn Romanis, Maree Clarke, Ray Thomas, Ricardo Idagi and Treahna Hamm",2001,Wooden pier post and metal sculptures,-37.8201325090472,144.959336879083
Art,Scar - A Stolen Vision,"Enterprize Park, MELBOURNE","Karen Casey, Craig Charles, Glenn Romanis, Maree Clarke, Ray Thomas, Ricardo Idagi and Treahna Hamm",2001,Wooden pier post and metal sculptures,-37.8200555636082,144.959698879153
Art,Temple of the Winds,"116 Clarendon Street, EAST MELBOURNE",Thomas Jones & Co,1873,Masonry and bluestone rotunda,-37.8128096374869,144.981735857931
Art,Birrarung Wilam,"Birrarung Marr, MELBOURNE","Vicki Couzens, Lee Darroch and Treahna Hamm",2006,"Stone, wood, stainless steel, bronze, nickel and audio installation",-37.8185914278651,144.971866175309
Monument,Lady Janet Clarke Memorial,"Queen Victoria Gardens, St Kilda Road, MELBOURNE",Herbert Black,1913,Concrete and stamped copper rotunda,-37.8223354912272,144.971835332477
Fountain,French Fountain,"9 Nicholson Street, CARLTON",unknown,c. 1880,Bronze fountain with granite plinth,-37.8049009757854,144.972849834667
Art,IOU,"7 Waterview Walk, DOCKLANDS",Mikala Dwyer,2005,Stainless steel and toughened glass,-37.8201338075104,144.947948917363
Art,Scar - A Stolen Vision,"Enterprize Park, MELBOURNE","Karen Casey, Craig Charles, Glenn Romanis, Maree Clarke, Ray Thomas, Ricardo Idagi and Treahna Hamm",2001,Wooden pier post and metal sculptures,-37.8201043033663,144.959426584028
Fountain,Walker Fountain,"210 St Kilda Road, SOUTHBANK","Mobelt, Digregorio & Associates",1981,Concrete fountain,-37.8235489328706,144.970827540478
Art,The Travellers,"Sandridge Bridge, SOUTHBANK",Artist Nadim Karam; manufacturer Arup Engineering,2005,Stainless-steel tubing and glass panel installation,-37.8206998343058,144.962209921997
Fountain,Macpherson Robertson Fountain,"2 Domain Road, MELBOURNE",Designer Philip Hudson; sculptor Paul Montford,1934,"Granite, bronze and concrete fountain",-37.8323774569183,144.972934293353
Art,Scar - A Stolen Vision,"Enterprize Park, MELBOURNE","Karen Casey, Craig Charles, Glenn Romanis, Maree Clarke, Ray Thomas, Ricardo Idagi and Treahna Hamm",2001,Wooden pier post and metal sculptures,-37.8200608408543,144.959653574985
Art,Car Nuggets,"15 Batmans Hill Drive, DOCKLANDS",Patricia Piccinini,2006,Sculptural forms,-37.8217384627114,144.949169769731
Art,Car Nuggets,"15 Batmans Hill Drive, DOCKLANDS",Patricia Piccinini,2006,Sculptural forms,-37.8217244747982,144.949168740276
Art,Scar - A Stolen Vision,"Enterprize Park, MELBOURNE","Karen Casey, Craig Charles, Glenn Romanis, Maree Clarke, Ray Thomas, Ricardo Idagi and Treahna Hamm",2001,Wooden pier post and metal sculptures,-37.8201046430242,144.959477986287
Monument,Edmund Fitzgibbon Memorial,"208 St Kilda Road, SOUTHBANK",James White,1908,Bronze statue with Harcourt granite pedestal,-37.8236122113264,144.970418561306
Art,Threaded Field,"687 La Trobe Street, DOCKLANDS",Simon Perry,1999,Sculpture,-37.8153623400158,144.946876084269
Art,The Public Purse,"348 Bourke Street, MELBOURNE",Simon Perry,1994,Calca red-granite and stainless-steel sculpture,-37.8140976855607,144.963400769342
Monument,Stapley Memorial Drinking Fountain,"Birrarung Marr, Batman Avenue, MELBOURNE",unknown,1936,Granite drinking fountain,-37.8189109575006,144.973021274734
Art,Three Businessmen Who Brought Their Own Lunch,"173 Swanston Street, MELBOURNE",Alison Weaver and Paul Quinn,1993,Bronze sculpture,-37.8136854004532,144.965574539781
Art,Scar - A Stolen Vision,"Enterprize Park, MELBOURNE","Karen Casey, Craig Charles, Glenn Romanis, Maree Clarke, Ray Thomas, Ricardo Idagi and Treahna Hamm",2001,Wooden pier post and metal sculptures,-37.8200953335,144.959704036718
Monument,General Charles Gordon Memorial,"74 Spring Street, EAST MELBOURNE",Sculptor Hamo Thornycroft; founder J. Moore,1887,"Limestone, Harcourt granite and bronze memorial",-37.8127260372375,144.973942531552
Fountain,Stanford Fountain,"88 Spring Street, EAST MELBOURNE",William Stanford,c. 1870,Bluestone fountain,-37.8124342889143,144.973955482708
Art,"A History Apparatus - Vessel, Craft & Beacon","147 Russell Street, MELBOURNE",Chris Reynolds,1993,"Steel and fibreglass sculpture on bitumen, concrete and bluestone foundation",-37.8130493620338,144.968210969062
Monument,Burke and Wills Cairn,"6 The Avenue, PARKVILLE",unknown,1890,Stone cairn,-37.7889280817664,144.956058081184
Art,Lie of the Land,"IMAX Theatre, Rathdowne Street, CARLTON",Fiona Foley and Chris Knowles,1997,Sandstone sculpture,-37.8037692024891,144.972134286246
Art,Scar - A Stolen Vision,"Enterprize Park, MELBOURNE","Karen Casey, Craig Charles, Glenn Romanis, Maree Clarke, Ray Thomas, Ricardo Idagi and Treahna Hamm",2001,Wooden pier post and metal sculptures,-37.8201540531024,144.959283942501
Art,Silence,"50 Newquay Promenade, DOCKLANDS",Adrian Mauriks,2003,Sculpture,-37.8150603527985,144.941593770341
Art,Silence,"55B Newquay Promenade, DOCKLANDS",Adrian Mauriks,2003,Sculpture,-37.8151593795233,144.941509412449
Art,The Echo,"219 Swanston Street, MELBOURNE",Edward Ginger,1996,Steel plate sculpture with polyurethane paint,-37.812705684744,144.965153944033
Art,Silence,"55B Newquay Promenade, DOCKLANDS",Adrian Mauriks,2003,Sculpture,-37.81508276715,144.941482783904
Art,Maxims of Behaviour,"Royal Mail House, cnr Bourke & Swanston Sts, MELBOURNE",Alexander Knox,2008,Kinetic light installation,-37.8136024551412,144.965808885624
Art,Within Three Worlds,"684 Park Street, CARLTON NORTH",Loretta Quinn,1995,Bronze sculpture,-37.7788627462445,144.961112677408
Monument,John Batman Memorial (1),"439 Queen Street, MELBOURNE",J.W. Brown,unknown,Bluestone cairn,-37.8081354860573,144.957645863417
Art,Car Nuggets,"15 Batmans Hill Drive, DOCKLANDS",Patricia Piccinini,2006,Sculptural forms,-37.8217401147159,144.949142099572
Fountain,Coles Fountain,"517 Albert Street, EAST MELBOURNE",Robert Woodward,1981,Stainless-steel fountain on bluestone paving,-37.8097706189194,144.973483976518
Art,Coat of Arms,"104 Swanston Street, MELBOURNE",City of Melbourne,1992,Brass pavement inlay,-37.8150481212229,144.966444170774
Art,Federation Bells,"Birrarung Marr, MELBOURNE",Designers Neil McLachlan and Anton Hasell,2002,Bronze-alloy bells on galvanised-steel poles,-37.8187157253887,144.974141691478
Art,The Phoenix,"Queen Victoria Gardens, St Kilda Road, MELBOURNE",Yrsa Von Leister,1973,Bronze and sheet copper statue,-37.8221532701427,144.97095067818
Art,Bust of Sir Samuel Gillott,"37 Collins Street, MELBOURNE",Charles Douglas Richardson,1905,Marble statue,-37.8137257454688,144.972615474
Fountain,Spray Lake,46 Nicholson Street,unknown,1965,Steel and bluestone fountain,-37.8058096647951,144.972528813493
Art,Anchor,"760 Bourke Street, DOCKLANDS",Neil Dawson,2005,Decorative rope work,-37.8182323264616,144.947444643152
Art,Wind Contrivance,"64 Therry Street, MELBOURNE",Pauline Fraser,1995,"Bronze, Red Gum and Harcourt granite sculpture",-37.8072519167223,144.959230533317
Art,Grotto Waterfall,"Kings Domain, Alexandra Avenue, MELBOURNE",unknown,1981,Basalt and cement,-37.8256393190193,144.976761073829
Art,Federation Bells,"Birrarung Marr, MELBOURNE",Designers Neil McLachlan and Anton Hasell,2002,Bronze-alloy bells on galvanised-steel poles,-37.8186738864394,144.974167165492
Art,Coat of Arms,"98 Swanston Street, MELBOURNE",City of Melbourne,1992,Brass pavement inlay,-37.8151582937289,144.966495940551
Art,Beyond the Ocean of Existence,"44 Swanston Street, MELBOURNE",Loretta Quinn,1993,Bronze sculpture on granite plinth,-37.8164236569551,144.967061542145
Art,Silence,"55B Newquay Promenade, DOCKLANDS",Adrian Mauriks,2003,Sculpture,-37.8150960305524,144.941483193022
Art,Zoo Paving,"11 Old Poplar Road, PARKVILLE",Tanya Court and Kate Cullity,1995,Coloured concrete paving,-37.7825613531513,144.953293881649
Art,Within Three Worlds,"684 Park Street, CARLTON NORTH",Loretta Quinn,1995,Bronze sculpture,-37.7788722549869,144.961103719498
Art,Scar - A Stolen Vision,"Enterprize Park, MELBOURNE","Karen Casey, Craig Charles, Glenn Romanis, Maree Clarke, Ray Thomas, Ricardo Idagi and Treahna Hamm",2001,Wooden pier post and metal sculptures,-37.8200765201921,144.959699691425
Art,City Living,"5 Jeffcott Street, WEST MELBOURNE",Andrew Rogers,1995,Bronze sculpture,-37.8114750198729,144.953165492089
Art,Ceremony and Vehicle for Conveying Spirit,"114 Russell Street, MELBOURNE",Maurie Hughes,1996,"Silicon bronze, galvanized and mild steel sculpture",-37.8136957980367,144.968513035861
Art,Scar - A Stolen Vision,"Enterprize Park, MELBOURNE","Karen Casey, Craig Charles, Glenn Romanis, Maree Clarke, Ray Thomas, Ricardo Idagi and Treahna Hamm",2001,Wooden pier post and metal sculptures,-37.8200785738744,144.959627380846
Art,Resting Place,"335 Swanston Street, MELBOURNE",Bronwyn Snow,1994,Steel and jarrah seat,-37.8103720817164,144.964076502567
Art,"Another View, Site 8","422 Flinders Street, MELBOURNE",Ray Thomas,1994,Stone and brass paving inlay,-37.8194133196692,144.960198717453
Art,Aqualung,"15 Victoria Harbour Promenade, DOCKLANDS",John Mead,2006,Abstract sculpture,-37.8188433297473,144.945067618085
Art,Architectural Fragment,"324 Swanston Street, MELBOURNE",Petrus Spronk,1992,Bluestone sculpture,-37.8098275629139,144.96404608881
Monument,William Ievers Junior Memorial Drinking Fountain,"80 Rathdowne Street, CARLTON",Charles Douglas Richardson,1916,"Granite, marble and bluestone drinking fountain",-37.7982578658973,144.970564664826
Monument,South African War Memorial,"254 St Kilda Road, SOUTHBANK",Architect - G. De Lacy-Evans Sculptor - Joseph Hamilton,1904,Sandstone and bluestone sculpture,-37.8259414951225,144.971856818756
Art,People's Path,"4 Lansdowne Street, EAST MELBOURNE",Ian Sprague et al,1978-1979,Terracotta bricks (tiles),-37.8110235407409,144.978389216138
Monument,Samuel Mauger Drinking Fountain,"110 Victoria Parade, EAST MELBOURNE",unknown,1937,Granite drinking fountain,-37.8082489459354,144.975315385075
Monument,Robert Burns Memorial,"10 Spring Street, EAST MELBOURNE",George Anderson Lawson,1903,Bronze statue and plinth with granite pedestal,-37.814373582353,144.974720032667
Art,Silence,"55B Newquay Promenade, DOCKLANDS",Adrian Mauriks,2003,Sculpture,-37.8150877523684,144.941573967784
Art,Silence,"45 Newquay Promenade, DOCKLANDS",Adrian Mauriks,2003,Sculpture,-37.8151131017782,144.941629273114
Art,Boy on a Turtle,"Cook's Cottage, Fitzroy Gardens, 274 Wellington Parade, EAST MELBOURNE",unknown,c. 1850,Bronze statue,-37.8143892616922,144.979910150531
Monument,"Sir Edward ""Weary"" Dunlop","242 St Kilda Road, SOUTHBANK",Peter Corlett,1995,Bronze statue with granite pedestal,-37.8253098347073,144.971594300075
Monument,Duke and Duchess of York Memorial,"512 Elizabeth Street, MELBOURNE",J. Churchman & Sons,1901,"Marble, granite and sandstone drinking fountain,",-37.806629256046,144.959908916093
Monument,King Edward VII Memorial,"Queen Victoria Gardens, St Kilda Road, MELBOURNE",Sculptor Edgar Bertram Mackennal; founder A.B. Burton,1920,Bronze statue with basalt and granite pedestal,-37.8226717982934,144.970988232874
Art,Time and Tide,"252 Little Collins Street, MELBOURNE",Akio Makigawa,1994,"Bluestone, white marble, bronze and stainless-steel sculpture",-37.8143983948935,144.96625088381
Art,Federation Bells,"Birrarung Marr, MELBOURNE",Designers Neil McLachlan and Anton Hasell,2002,Bronze-alloy bells on galvanised-steel poles,-37.8187628091159,144.974136155999
Art,Threaded Field,"683 La Trobe Street, DOCKLANDS",Simon Perry,1999,Sculpture,-37.8152785788316,144.947248109473
Art,Vault,"51 Grant Street, SOUTHBANK",Ron Roberston-Swann,1980,Steel plate sculpture,-37.8260714214476,144.967732756918
Monument,Bust of Dr Louis Smith,"9 Nicholson Street, CARLTON",Edgar Bertram Mackennal,1914,Bronze bust with granite pedestal,-37.8047443111517,144.972452056885
Art,Painted Poles,"322 Swanston Street, MELBOURNE",Jennifer McCarthy,1992,Metal poles,-37.8099325911658,144.964088812819
Monument,Eight Hour Day Memorial,"399 Russell Street, MELBOURNE",Percival Ball (?),1900-1903,"Granite, bronze and gold-leaf monument with stone pedestal",-37.8071550195592,144.965588387005
Art,Birrarung Wilam,"Birrarung Marr, MELBOURNE","Vicki Couzens, Lee Darroch and Treahna Hamm",2006,"Stone, wood, stainless steel, bronze, nickel and audio installation",-37.8185872210924,144.971784281509
Monument,Australian Hellenic War Memorial,"Kings Domain, Birdwood Ave, MELBOURNE",Evangelos Sakaris; RBA Architects and Conservation Consultants,2001,Granite and basalt memorial,-37.8272124550956,144.972973880253
Art,Blowhole,"15 Harbour Esplanade, DOCKLANDS",Duncan Stemler,2005,Stainless-steel and aluminium sculpture,-37.8219335169736,144.946938744265
Art,Shoal Fly By,"125 Harbour Esplanade, DOCKLANDS",Cat McCleod and Michael Bellemo,2003,Sculpture,-37.8176052348949,144.945539402201
Art,Larry LaTrobe,"215 Collins Street, MELBOURNE",Pamela Irving,1992 and 1996,Bronze sculpture,-37.8155485668529,144.966892078324
Art,Silence,"45 Newquay Promenade, DOCKLANDS",Adrian Mauriks,2003,Sculpture,-37.8151113421446,144.941618390681
Art,Silence,"55B Newquay Promenade, DOCKLANDS",Adrian Mauriks,2003,Sculpture,-37.8151345502614,144.941464635494
Art,Domed Drinking Fountain,"Queen Victoria Gardens, St Kilda Road, MELBOURNE",unknown,,Marble and granite drinking fountain,-37.8212404231762,144.970769495267
Art,Scar - A Stolen Vision,"Enterprize Park, MELBOURNE","Karen Casey, Craig Charles, Glenn Romanis, Maree Clarke, Ray Thomas, Ricardo Idagi and Treahna Hamm",2001,Wooden pier post and metal sculptures,-37.8201609405995,144.95922840946
Art,Scar - A Stolen Vision,"Enterprize Park, MELBOURNE","Karen Casey, Craig Charles, Glenn Romanis, Maree Clarke, Ray Thomas, Ricardo Idagi and Treahna Hamm",2001,Wooden pier post and metal sculptures,-37.8201167536871,144.959381777078
Art,Westgarth Drinking Fountain,"9 Nicholson Street, CARLTON",Alexander McDonald & Co,c. 1888,Aberdeen pink-granite and bronze drinking fountain,-37.8050913081625,144.973417274498
Monument,Edward George Honey Memorial,"Old Observatory Site, Birdwood Avenue, MELBOURNE",unknown,1965,Stone boulder with bronze and aluminium plaque,-37.8297554405406,144.974419726206
Art,Silence,"55B Newquay Promenade, DOCKLANDS",Adrian Mauriks,2003,Sculpture,-37.8151070586048,144.941546516146
Art,"Another View, Site 17","154 Collins Street, MELBOURNE",Ray Thomas,1994-1995,Bluestone paver with brass inlay,-37.8148051249324,144.968381003481
Art,Ned and Dan,"41 Caravel Lane, DOCKLANDS",Alexander Knox,2006,Three-dimensional frieze,-37.81464277494,144.940402722846
Art,HeartLand,"52 River Esplanade, DOCKLANDS",Karen Casey,2003,Animated Image,-37.8243371974094,144.947619116755
Fountain,Georges Fountain,"152 Collins Street, MELBOURNE",Peter Staughton,1981,Bluestone and concrete fountain,-37.8147653368517,144.968373912562
Art,Constellation,"469 Flinders Street, MELBOURNE",Bruce Armstrong and Geoffrey Bartlett,1996,"Stainless steel, copper and Cyrpus-pine sculpture",-37.8202999349125,144.960534464342
Art,Eagle,"22 Wurundjeri Way, DOCKLANDS",Bruce Armstrong,2003,Sculpture,-37.8207247436456,144.952391322514
Art,Model Tudor Village,"Cook's Cottage, Fitzroy Gardens, 274 Wellington Parade, EAST MELBOURNE",Edgar Wilson,1948,Painted cement model,-37.8132572520671,144.981012379899
Art,Chinese Lion Guardians,"Cohen Pl, CHINATOWN",unknown,unknown,Marble lions,-37.8112537359422,144.969347727216
Art,Scar - A Stolen Vision,"Enterprize Park, MELBOURNE","Karen Casey, Craig Charles, Glenn Romanis, Maree Clarke, Ray Thomas, Ricardo Idagi and Treahna Hamm",2001,Wooden pier post and metal sculptures,-37.8200950553396,144.95952896712
Art,Federation Bells,"Birrarung Marr, MELBOURNE",Designers Neil McLachlan and Anton Hasell,2002,Bronze-alloy bells on galvanised-steel poles,-37.8186973319473,144.974158800684
Monument,William Ievers Senior Memorial Drinking Fountain,"155 Lygon Street, CARLTON",Charles Douglas Richardson,1915,"Granite, marble and bluestone drinking fountain",-37.8028341939653,144.966385536842
Art,Apollo Belvedere,"90 St Kilda Road, SOUTHBANK",unknown,unknown,Marble and granite bust,-37.8210593434182,144.969757432433
Art,Constellation,"469 Flinders Street, MELBOURNE",Bruce Armstrong and Geoffrey Bartlett,1996,"Stainless steel, copper and Cyrpus-pine sculpture",-37.8202460956887,144.960662536874
Art,Painted Poles,"78 Swanston Street, MELBOURNE",Maree Clarke and Sonja Hodge,1992,Metal poles,-37.815760994936,144.966773537312
Art,Federation Bells,"Birrarung Marr, MELBOURNE",Designers Neil McLachlan and Anton Hasell,2002,Bronze-alloy bells on galvanised-steel poles,-37.8187182202074,144.974179856228
Monument,George Hawkins Ievers Memorial Drinking Fountain,"147 Royal Parade, PARKVILLE",Charles Douglas Richardson,1916,"Granite, marble and bluestone drinking fountain",-37.7921729538839,144.958090253028
Art,IOU,"7 Waterview Walk, DOCKLANDS",Mikala Dwyer,2005,Stainless steel and toughened glass,-37.820112083979,144.947923460104
Art,Ned and Dan,"16 Doepel Way, DOCKLANDS",Alexander Knox,2006,Three-dimensional frieze,-37.8148030334672,144.940223820648
Art,Diana and the Hounds,"Conservatory, Fitzroy Gardens, 274 Wellington Parade, EAST MELBOURNE",Sculptor William Leslie Bowles; founder A.B. Brunton,1940,Cast bronze statue on granite pedestal,-37.8143067586398,144.978499373084
Monument,Pioneer Women's Memorial,"Kings Domain, Alexandra Avenue, MELBOURNE",Hugh Linaker,1934,Memorial garden with bronze statue,-37.8251147378564,144.976076213311
Art,Painted Poles,"78 Swanston Street, MELBOURNE",Maree Clarke and Sonja Hodge,1992,Metal poles,-37.8157410618987,144.966836246828
Art,Silence,"50 Newquay Promenade, DOCKLANDS",Adrian Mauriks,2003,Sculpture,-37.8150528491189,144.94158776112
Art,Birrarung Wilam,"Birrarung Marr, MELBOURNE","Vicki Couzens, Lee Darroch and Treahna Hamm",2006,"Stone, wood, stainless steel, bronze, nickel and audio installation",-37.818595693813,144.971821646868
Art,Weathervanes,"184 Swanston Street, MELBOURNE",Daniel Jenkins,1993,Hand-beaten copper sculpture with gold-leaf detail,-37.8134422577685,144.965689009116
Art,Scar - A Stolen Vision,"Enterprize Park, MELBOURNE","Karen Casey, Craig Charles, Glenn Romanis, Maree Clarke, Ray Thomas, Ricardo Idagi and Treahna Hamm",2001,Wooden pier post and metal sculptures,-37.82012299082,144.959360068025
Fountain,Dolphin Fountain,"4 Lansdowne Street, EAST MELBOURNE",June Arnold,1982,Bronze and granite fountain,-37.8118884344659,144.980015806146
Art,Commonwealth Games Aquatic Sculptures - Eels,"Kensington Community Recreation Centre, KENSINGTON",unknown,2006,Painted steel sculptures,-37.7966290593729,144.924306764698
Art,Eel Trap,"Birrarung Marr, MELBOURNE",Fiona Clarke and Ken McKean,2003,Plate-steel sculpture,-37.8191221824373,144.97407578866
Art,Parrallax,"47 Wurundjeri Way, DOCKLANDS",Ari Purhonen,2002,Public installation,-37.8196059887556,144.951325455868
Art,Federation Bells,"Birrarung Marr, MELBOURNE",Designers Neil McLachlan and Anton Hasell,2002,Bronze-alloy bells on galvanised-steel poles,-37.8186666064737,144.974100167285
Art,Federation Bells,"Birrarung Marr, MELBOURNE",Designers Neil McLachlan and Anton Hasell,2002,Bronze-alloy bells on galvanised-steel poles,-37.8186882333343,144.974128540287
Art,"Another View, Site 1","152 Spring Street, EAST MELBOURNE",Ray Thomas,1994,Red granite and brass paving inlay,-37.8112942929369,144.973168986334
Art,Boy and Pelican,"84 Clarendon Street, EAST MELBOURNE",William Leslie Bowles,1936,Pyrmont sandstone sculpture,-37.8137675376712,144.982771754404
Art,Scar - A Stolen Vision,"Enterprize Park, MELBOURNE","Karen Casey, Craig Charles, Glenn Romanis, Maree Clarke, Ray Thomas, Ricardo Idagi and Treahna Hamm",2001,Wooden pier post and metal sculptures,-37.8200541369817,144.959680160075
Monument,Queen Victoria Memorial,"Residence, Alexandra Gardens, Alexandra Avenue, MELBOURNE",James White,1907,White marble and granite sculpture,-37.8218411817137,144.972479044613
Fountain,Dinny O'Hearn Fountain,"331 Lygon Street, CARLTON",unknown,1981,Cast-iron and enamel fountain,-37.7975991142625,144.967306467399
